index,input,expect_tools_result,expect_tools_calls,eval_set_id,trace_id
1,2023 年 4 月，国内某互联网安全龙头企业（主打 安全卫士、 杀毒 等C 端产品，曾参与国家网络安全应急响应）创始人离婚，分割近 90 亿元股权，查询公告后 3 个交易日的日线数据（不复权）、股票所属行业板块同期涨跌幅,"1. vesearch：2023 年 4 月 3 日，三六零（601360）披露《关于股东权益变动的提示性公告》，创始人离婚，分割 8.97 亿股（市值近 90 亿元），公司为国内互联网安全龙头，核心产品含 360 安全卫士
2. stock_zh_a_hist：[{'日期': datetime.date(2023, 4, 4), '股票代码': '601360', '开盘': 19.71, '收盘': 20.08, '最高': 20.85, '最低': 19.45, '成交量': 5510166, '成交额': 11009556568.0, '振幅': 7.29, '涨跌幅': 4.58, '涨跌额': 0.88, '换手率': 7.71}, {'日期': datetime.date(2023, 4, 6), '股票代码': '601360', '开盘': 19.2, '收盘': 18.97, '最高': 19.74, '最低': 18.5, '成交量': 5781486, '成交额': 11001172690.0, '振幅': 6.18, '涨跌幅': -5.53, '涨跌额': -1.11, '换手率': 8.09}, {'日期': datetime.date(2023, 4, 7), '股票代码': '601360', '开盘': 19.1, '收盘': 18.6, '最高': 19.68, '最低': 18.23, '成交量': 4919898, '成交额': 9366797606.0, '振幅': 7.64, '涨跌幅': -1.95, '涨跌额': -0.37, '换手率': 6.89}]
3. stock_individual_info_em：[{'item': '最新', 'value': 11.2}, {'item': '股票代码', 'value': '601360'}, {'item': '股票简称', 'value': '三六零'}, {'item': '总股本', 'value': 6999557879.0}, {'item': '流通股', 'value': 6999557879.0}, {'item': '总市值', 'value': 78395048244.79999}, {'item': '流通市值', 'value': 78395048244.79999}, {'item': '行业', 'value': '软件开发'}, {'item': '上市时间', 'value': 20120116}]
4. stock_board_industry_hist_em：[{'日期': '2023-04-04', '开盘': 959.09, '收盘': 960.94, '最高': 971.61, '最低': 945.62, '涨跌幅': 0.3, '涨跌额': 2.9, '成交量': 54008710, '成交额': 123167481875.0, '振幅': 2.71, '换手率': 5.84}, {'日期': '2023-04-06', '开盘': 946.1, '收盘': 947.17, '最高': 957.44, '最低': 939.8, '涨跌幅': -1.43, '涨跌额': -13.77, '成交量': 45832701, '成交额': 104082704481.0, '振幅': 1.84, '换手率': 4.95}, {'日期': '2023-04-07', '开盘': 948.86, '收盘': 965.22, '最高': 965.22, '最低': 934.99, '涨跌幅': 1.91, '涨跌额': 18.05, '成交量': 41511790, '成交额': 89503623106.0, '振幅': 3.19, '换手率': 4.49}]","1. vesearch：2023 年 4 月，国内互联网安全龙头（核心产品安全卫士，参与国家网络安全应急响应）创始人离婚分割近 90 亿元股权，查公司名称、股票代码、事件日期
2. stock_zh_a_hist：symbol=""601360""，period=""daily""，start_date=""20230404""，end_date=""20230407""，adjust=""""
3. stock_individual_info_em：symbol=""601360""（提取 “行业”）
4. stock_board_industry_hist_em：symbol=""软件开发""，start_date=""20230404""，end_date=""20230407""，period=""daily""，adjust=""""
",financial_deep_research.evalset.json,traces/veadk_opentelemetry_tracer_veadk_default_user_financial_deep_research_1_425992b64225f91fb71ae9d611817b98.json
2,2020 年 5 月，国内某创业板医药公司（核心产品为乙肝疫苗、HPV 疫苗，2022 年营收超 30 亿元，获国家药监局 GMP 认证）董事长离婚，235.54 亿元股权分割创 A 股纪录，查询该事件公告后 当日的日线数据（前复权）、公司当日有无公告发布,"1. vesearch：2020 年 5 月 29 日，康泰生物（300601）披露《关于股东权益变动的公告》，董事长离婚，分割 2.63 亿股（市值 235.54 亿元），公司核心产品为乙肝疫苗、HPV 疫苗，2022 年营收 32.7 亿元
2. stock_zh_a_hist：[{'日期': datetime.date(2020, 5, 29), '股票代码': '300601', '开盘': 87.69, '收盘': 89.87, '最高': 90.69, '最低': 87.17, '成交量': 54131, '成交额': 788436768.0, '振幅': 4.04, '涨跌幅': 3.11, '涨跌额': 2.71, '换手率': 1.49}]
3.stock_gsrl_gsdt_em： {'序号': 108, '代码': '300601', '简称': '康泰生物', '事件类型': '资产重组', '具体事项': '因解除婚姻关系并进行财产分割,杜伟民先生拟将其直接持有的161,331,675股公司股份(占公司总股本23.99%)分割过户至YUANLIPING(袁莉萍)女士名下。本次股份分割过户后,杜伟民先生直接持有公司股份183,394,125股,占公司股份总数的27.27%,其中处于质押状态的股份为23,484,740股,占其持有公司股份总数的12.81%;YUANLIPING(袁莉萍)女士直接持有公司股份161,331,675股,占公司股份总数的23.99%。本次权益变动未导致公司控股股东、实际控制人发生变化,不涉及公司控制权变更。本次权益变动完成后,YUANLIPING(袁莉萍)女士将就其本次取得的康泰生物股份继续履行杜伟民先生在公司首次公开发行时作出的相关承诺。', '交易日': datetime.date(2020, 5, 29)}","1. vesearch：2020 年 5 月，创业板医药公司（核心产品乙肝疫苗 + HPV 疫苗，2022 年营收超 30 亿，获 GMP 认证）董事长离婚分割 235.54 亿元股权，查公司名称、股票代码、公告日期
2. stock_zh_a_hist：symbol=""300601""，period=""daily""，start_date=""20200529""，end_date=""20200529""，adjust=""qfq""
3. stock_gsrl_gsdt_em：date=""20200529""",financial_deep_research.evalset.json,traces/veadk_opentelemetry_tracer_veadk_default_user_financial_deep_research_2_526b648ddbd4f21016c762dce38849c5.json
3,2023 年 8 月，证监会出台减半征收印花税等四项活跃市场政策，查询政策发布次日深圳市场 各证券类别（股票、基金、债券等）统计数据、券商板块当日涨跌幅，及国内某大型国有银行（全球系统重要性银行，2022 年资产规模超 39 万亿元）当日日线数据（不复权）,"1. vesearch：2023 年 8 月 27 日，证监会公告《关于活跃资本市场的若干措施》（含印花税减半）；国内大型国有银行（全球系统重要性银行，2022 年资产 33.6 万亿元）为工商银行（601398）
2. stock_szse_summary：[{'证券类别': '股票', '数量': 2853, '成交金额': 610458751856.54, '总市值': 31737432401645.67, '流通市值': 26100014775659.16}, {'证券类别': '主板A股', '数量': 1500, '成交金额': 326632204748.76, '总市值': 20330011597980.42, '流通市值': 17989515579962.06}, {'证券类别': '主板B股', '数量': 41, '成交金额': 89748755.12, '总市值': 51199048002.78, '流通市值': 50944649047.12}, {'证券类别': '创业板A股', '数量': 1312, '成交金额': 283736798352.66, '总市值': 11356221755662.47, '流通市值': 8059554546649.98}, {'证券类别': '基金', '数量': 626, '成交金额': 37514471446.99, '总市值': 537454534981.47, '流通市值': 526432512898.84}, {'证券类别': 'ETF', '数量': 321, '成交金额': 36961833963.9, '总市值': 479357438897.8, '流通市值': 479357438897.8}, {'证券类别': 'LOF', '数量': 295, '成交金额': 472837487.85, '总市值': 33490310548.22, '流通市值': 33490310548.22}, {'证券类别': '封闭式基金', '数量': 1, '成交金额': 655849.65, '总市值': 1617549402.42, '流通市值': 1617549402.42}, {'证券类别': '基础设施基金', '数量': 9, '成交金额': 79144145.58, '总市值': 22989236133.02, '流通市值': 11967214050.4}, {'证券类别': '债券', '数量': 12737, '成交金额': 284365354111.71, '总市值': nan, '流通市值': nan}, {'证券类别': '债券现券', '数量': 12114, '成交金额': 51563286673.21, '总市值': 64055719502419.82, '流通市值': 2621212249229.07}, {'证券类别': '债券回购', '数量': 13, '成交金额': 232411968580.0, '总市值': nan, '流通市值': nan}, {'证券类别': 'ABS', '数量': 610, '成交金额': 390098858.5, '总市值': 432350942452.1, '流通市值': 432350942452.1}, {'证券类别': '期权', '数量': 416, '成交金额': 1278126259.0, '总市值': nan, '流通市值': nan}]
3. stock_board_industry_hist_em：[{'日期': '2023-08-28', '开盘': 143533.97, '收盘': 134145.97, '最高': 143533.97, '最低': 133870.23, '涨跌幅': 2.77, '涨跌额': 3611.47, '成交量': 112283030, '成交额': 105854546220.0, '振幅': 7.4, '换手率': 4.46}]
4. stock_zh_a_hist：[{'日期': datetime.date(2023, 8, 28), '股票代码': '601398', '开盘': 4.8, '收盘': 4.73, '最高': 4.8, '最低': 4.68, '成交量': 4335474, '成交额': 2047848273.0, '振幅': 2.58, '涨跌幅': 1.5, '涨跌额': 0.07, '换手率': 0.16}]","1. vesearch：2023 年 8 月，证监会出台减半征收印花税政策，查政策发布日期；同时查国内大型国有银行（全球系统重要性银行，2022 年资产超 39 万亿）股票代码
2. stock_szse_summary：date=""20230828""
3. stock_board_industry_hist_em：symbol=""证券"", start_date=""20230828"", end_date=""20230828"", period=""日k"", adjust=""""
4. stock_zh_a_hist：symbol=""601398"", period=""daily"", start_date=""20230828"", end_date=""20230828"", adjust=""""",financial_deep_research.evalset.json,traces/veadk_opentelemetry_tracer_veadk_default_user_financial_deep_research_3_ec31ff1ea31f2a2e990566074fef84cc.json
4,2023 年 7 月，科创板首批强制退市企业（含某光存储公司，曾因虚增营收 25 亿元被立案调查，核心产品为蓝光存储设备）名单公布，查询该公司退市前 30 个交易日的日线数据（不复权），及当日是否有公告投资者索赔金额,"1. vesearch：2023 年 7 月 7 日，退市紫晶（688086）成为科创板首批强制退市企业，退市原因系虚增营收 25.6 亿元，公司为光存储领域企业，核心产品为蓝光存储设备
2. stock_zh_a_hist：[{'日期': datetime.date(2023, 6, 8), '股票代码': '688086', '开盘': 0.99, '收盘': 0.89, '最高': 0.99, '最低': 0.73, '成交量': 327910, '成交额': 29261004.0, '振幅': 10.74, '涨跌幅': -63.22, '涨跌额': -1.53, '换手率': 24.66}, {'日期': datetime.date(2023, 6, 9), '股票代码': '688086', '开盘': 0.88, '收盘': 0.77, '最高': 0.89, '最低': 0.77, '成交量': 173108, '成交额': 14207411.0, '振幅': 13.48, '涨跌幅': -13.48, '涨跌额': -0.12, '换手率': 13.02}, {'日期': datetime.date(2023, 6, 12), '股票代码': '688086', '开盘': 0.76, '收盘': 0.72, '最高': 0.77, '最低': 0.68, '成交量': 106047, '成交额': 7680365.0, '振幅': 11.69, '涨跌幅': -6.49, '涨跌额': -0.05, '换手率': 7.98}, {'日期': datetime.date(2023, 6, 13), '股票代码': '688086', '开盘': 0.72, '收盘': 0.73, '最高': 0.76, '最低': 0.72, '成交量': 62870, '成交额': 4662747.0, '振幅': 5.56, '涨跌幅': 1.39, '涨跌额': 0.01, '换手率': 4.73}, {'日期': datetime.date(2023, 6, 14), '股票代码': '688086', '开盘': 0.72, '收盘': 0.7, '最高': 0.75, '最低': 0.69, '成交量': 55589, '成交额': 3990345.0, '振幅': 8.22, '涨跌幅': -4.11, '涨跌额': -0.03, '换手率': 4.18}, {'日期': datetime.date(2023, 6, 15), '股票代码': '688086', '开盘': 0.69, '收盘': 0.67, '最高': 0.71, '最低': 0.66, '成交量': 88576, '成交额': 6022824.0, '振幅': 7.14, '涨跌幅': -4.29, '涨跌额': -0.03, '换手率': 6.66}, {'日期': datetime.date(2023, 6, 16), '股票代码': '688086', '开盘': 0.67, '收盘': 0.7, '最高': 0.71, '最低': 0.66, '成交量': 70206, '成交额': 4870271.0, '振幅': 7.46, '涨跌幅': 4.48, '涨跌额': 0.03, '换手率': 5.28}, {'日期': datetime.date(2023, 6, 19), '股票代码': '688086', '开盘': 0.71, '收盘': 0.67, '最高': 0.71, '最低': 0.67, '成交量': 54510, '成交额': 3717739.0, '振幅': 5.71, '涨跌幅': -4.29, '涨跌额': -0.03, '换手率': 4.1}, {'日期': datetime.date(2023, 6, 20), '股票代码': '688086', '开盘': 0.68, '收盘': 0.65, '最高': 0.68, '最低': 0.64, '成交量': 55758, '成交额': 3640128.0, '振幅': 5.97, '涨跌幅': -2.99, '涨跌额': -0.02, '换手率': 4.19}, {'日期': datetime.date(2023, 6, 21), '股票代码': '688086', '开盘': 0.65, '收盘': 0.65, '最高': 0.68, '最低': 0.64, '成交量': 51522, '成交额': 3377913.0, '振幅': 6.15, '涨跌幅': 0.0, '涨跌额': 0.0, '换手率': 3.87}, {'日期': datetime.date(2023, 6, 26), '股票代码': '688086', '开盘': 0.65, '收盘': 0.64, '最高': 0.66, '最低': 0.62, '成交量': 47019, '成交额': 3009526.0, '振幅': 6.15, '涨跌幅': -1.54, '涨跌额': -0.01, '换手率': 3.54}, {'日期': datetime.date(2023, 6, 27), '股票代码': '688086', '开盘': 0.64, '收盘': 0.68, '最高': 0.68, '最低': 0.63, '成交量': 61576, '成交额': 4072659.0, '振幅': 7.81, '涨跌幅': 6.25, '涨跌额': 0.04, '换手率': 4.63}, {'日期': datetime.date(2023, 6, 28), '股票代码': '688086', '开盘': 0.69, '收盘': 0.69, '最高': 0.7, '最低': 0.66, '成交量': 63986, '成交额': 4371526.0, '振幅': 5.88, '涨跌幅': 1.47, '涨跌额': 0.01, '换手率': 4.81}, {'日期': datetime.date(2023, 6, 29), '股票代码': '688086', '开盘': 0.69, '收盘': 0.66, '最高': 0.69, '最低': 0.65, '成交量': 63768, '成交额': 4286230.0, '振幅': 5.8, '涨跌幅': -4.35, '涨跌额': -0.03, '换手率': 4.8}, {'日期': datetime.date(2023, 6, 30), '股票代码': '688086', '开盘': 0.66, '收盘': 0.64, '最高': 0.67, '最低': 0.63, '成交量': 114446, '成交额': 7398969.0, '振幅': 6.06, '涨跌幅': -3.03, '涨跌额': -0.02, '换手率': 8.61}]
3. stock_gsrl_gsdt_em：当日无公告","1. vesearch：2023 年 7 月，科创板首批强制退市企业（含光存储公司，虚增营收 25 亿元，核心产品蓝光存储设备），查公司名称、代码、退市原因
2. stock_zh_a_hist：symbol=""688086""，period=""daily""，start_date=""20230520""，end_date=""20230706""，adjust=""""
3. stock_gsrl_gsdt_em：date=""20230707""（筛选代码 “688086”）",financial_deep_research.evalset.json,traces/veadk_opentelemetry_tracer_veadk_default_user_financial_deep_research_4_7632c26c00d05ebd888db77fb4528051.json
5,2023 年 7 月，蚂蚁集团被罚 71.23 亿元并关停相互宝，查询其关联 A 股公司（某上交所化工企业，核心产品为 PVC、烧碱，曾与蚂蚁集团旗下支付宝合作保险业务）当日平均涨跌幅、该关联公司当日日线数据（不复权），及该公司所属行业板块当日涨跌幅,"1. vesearch：2023 年 7 月 7 日，蚂蚁集团被罚 71.23 亿元，关联 A 股公司君正集团（601216）为上交所化工企业，核心产品 PVC、烧碱，曾与支付宝合作推出 “相互宝” 相关保险业务
2. stock_zh_a_hist：[{'日期': datetime.date(2023, 7, 7), '股票代码': '601216', '开盘': 4.27, '收盘': 4.32, '最高': 4.5, '最低': 4.25, '成交量': 1162221, '成交额': 507472291.0, '振幅': 5.81, '涨跌幅': 0.47, '涨跌额': 0.02, '换手率': 1.38}]
3. stock_individual_info_em：[{'item': '最新', 'value': 5.26}, {'item': '股票代码', 'value': '601216'}, {'item': '股票简称', 'value': '君正集团'}, {'item': '总股本', 'value': 8438017390.0}, {'item': '流通股', 'value': 8438017390.0}, {'item': '总市值', 'value': 44383971471.4}, {'item': '流通市值', 'value': 44383971471.4}, {'item': '行业', 'value': '化学原料'}, {'item': '上市时间', 'value': 20110222}]
4. stock_board_industry_hist_em：[{'日期': '2023-07-07', '开盘': 783.67, '收盘': 783.94, '最高': 787.36, '最低': 779.34, '涨跌幅': -0.12, '涨跌额': -0.98, '成交量': 5891640, '成交额': 5313733109.0, '振幅': 1.02, '换手率': 0.61}]","1. vesearch：2023 年 7 月，蚂蚁集团被罚 71.23 亿元并关停相互宝，查其关联 A 股公司（上交所化工企业，核心产品 PVC + 烧碱，曾合作支付宝保险业务）名称、代码、处罚日期
2. stock_zh_a_hist：symbol=""601216""，period=""daily""，start_date=""20230707""，end_date=""20230707""，adjust=""""
3. stock_individual_info_em：symbol=""601216""
4. stock_board_industry_hist_em：symbol=""化学原料""，start_date=""20230707""，end_date=""20230707""，period=""日k""，adjust=""""",financial_deep_research.evalset.json,traces/veadk_opentelemetry_tracer_veadk_default_user_financial_deep_research_5_5e77b1dc73ea331478987c23e5a5f108.json
6,2023 年 10 月，汇金公司增持四大行股票，查询增持当日四大行中谁的涨幅最大，及银行板块当日涨跌幅,"1. vesearch：2023 年 10 月 11 日，汇金公司增持四大行；工商银行 601398，农业银行 601288，中国银行 601988，建设银行 601939
2. stock_zh_a_hist：[{'日期': datetime.date(2023, 10, 11), '股票代码': '601398', '开盘': 4.69, '收盘': 4.72, '最高': 4.73, '最低': 4.69, '成交量': 2692050, '成交额': 1269006831.0, '振幅': 0.85, '涨跌幅': 0.85, '涨跌额': 0.04, '换手率': 0.1}]
[{'日期': datetime.date(2023, 10, 11), '股票代码': '601288', '开盘': 3.62, '收盘': 3.65, '最高': 3.66, '最低': 3.6, '成交量': 3707038, '成交额': 1346890040.0, '振幅': 1.66, '涨跌幅': 1.11, '涨跌额': 0.04, '换手率': 0.12}]
[{'日期': datetime.date(2023, 10, 11), '股票代码': '601988', '开盘': 3.74, '收盘': 3.77, '最高': 3.78, '最低': 3.73, '成交量': 1660060, '成交额': 624459882.0, '振幅': 1.34, '涨跌幅': 0.8, '涨跌额': 0.03, '换手率': 0.08}]
[{'日期': datetime.date(2023, 10, 11), '股票代码': '601939', '开盘': 6.29, '收盘': 6.34, '最高': 6.35, '最低': 6.26, '成交量': 1103981, '成交额': 696821745.0, '振幅': 1.44, '涨跌幅': 1.28, '涨跌额': 0.08, '换手率': 1.15}]
3. stock_board_industry_hist_em：[{'日期': '2023-10-11', '开盘': 2937.15, '收盘': 2919.03, '最高': 2944.16, '最低': 2915.59, '涨跌幅': -0.39, '涨跌额': -11.33, '成交量': 23441094, '成交额': 13224708373.0, '振幅': 0.97, '换手率': 0.18}]","1. vesearch：2023 年 10 月，汇金公司增持四大行股票，查增持日期，四大行股票名称及代码
2. stock_zh_a_hist：
symbol=""601398""，period=""daily""，start_date=""20231011""，end_date=""20231011""，adjust=""""
symbol=""601288""，period=""daily""，start_date=""20231011""，end_date=""20231011""，adjust=""""
symbol=""601988""，period=""daily""，start_date=""20231011""，end_date=""20231011""，adjust=""""
symbol=""601939""，period=""daily""，start_date=""20231011""，end_date=""20231011""，adjust=""""
4. stock_board_industry_hist_em：symbol=""金融""，start_date=""20231011""，end_date=""20231011""，period=""日k""，adjust=""""",financial_deep_research.evalset.json,traces/veadk_opentelemetry_tracer_veadk_default_user_financial_deep_research_6_86465283e5e2ab5122d0e6f0acc26f2f.json
7,2023 年 1 月，国内某深交所创业板军工企业（主营军用航空机载设备，曾参与歼 - 20 战斗机配套研发）拟 174 亿元收购成飞集团，且该公司后续发生重大重组，请通过重组后的股票代码查询该事件公告后 11 个交易日的周线数据（后复权）、公司所属行业板块同期涨跌幅,"1. vesearch：2023 年 1 月 11 日，中航电测（300114）重组后为中航成飞（302132）披露收购预案，拟 174 亿元收购成飞集团 100% 股权，公司主营军用航空机载设备，曾参与歼 - 20 战斗机配套研发
2. stock_zh_a_hist：[{'日期': datetime.date(2023, 2, 3), '股票代码': '302132', '开盘': 74.88, '收盘': 89.37, '最高': 89.37, '最低': 74.88, '成交量': 23683, '成交额': 32724331.0, '振幅': 23.08, '涨跌幅': 42.33, '涨跌额': 26.58, '换手率': 0.4}]
3. stock_individual_info_em：[{'item': '最新', 'value': 88.07}, {'item': '股票代码', 'value': '302132'}, {'item': '股票简称', 'value': '中航成飞'}, {'item': '总股本', 'value': 2672091376.0}, {'item': '流通股', 'value': 586069499.0}, {'item': '总市值', 'value': 235331087484.31998}, {'item': '流通市值', 'value': 51615140776.92999}, {'item': '行业', 'value': '航天航空'}, {'item': '上市时间', 'value': 20100827}]
4. stock_board_industry_hist_em：[{'日期': '2023-01-13', '开盘': 38383.52, '收盘': 37374.15, '最高': 38409.08, '最低': 37014.6, '涨跌幅': -2.57, '涨跌额': -985.27, '成交量': 14566582, '成交额': 34732615743.7, '振幅': 3.64, '换手率': 3.97}, {'日期': '2023-01-20', '开盘': 37354.15, '收盘': 39545.93, '最高': 39761.94, '最低': 37351.95, '涨跌幅': 5.81, '涨跌额': 2171.78, '成交量': 15378970, '成交额': 34566356145.02, '振幅': 6.45, '换手率': 4.19}, {'日期': '2023-02-03', '开盘': 40109.4, '收盘': 41956.98, '最高': 42440.11, '最低': 39990.39, '涨跌幅': 6.1, '涨跌额': 2411.05, '成交量': 31505232, '成交额': 59492136095.27, '振幅': 6.19, '换手率': 8.58}]","1. vesearch：2023 年 1 月，深交所创业板军工企业（主营军用航空机载设备，参与歼 - 20 配套研发）拟 174 亿元收购成飞集团，且该公司后续发生重大重组，查公司名称、重组后的代码、公告日期
2. stock_zh_a_hist：symbol=""302132""，period=""weekly""，start_date=""20230112""，end_date=""20230203""，adjust=""hfq""
3. stock_individual_info_em：symbol=""302132""
4. stock_board_industry_hist_em：symbol=""航天航空""，start_date=""20230112""，end_date=""20230203""，period=""周k""，adjust=""""",financial_deep_research.evalset.json,traces/veadk_opentelemetry_tracer_veadk_default_user_financial_deep_research_7_b3b12427352999a9430c5ff9552409d5.json
8,2023 年 7 月，国内某上交所光伏企业（全球最大光伏组件制造商，2022 年组件出货量超 80GW，核心品牌为 “隆基”）拟终止 2022 年股权激励计划并注销股票，查询该事件公告当日的日线数据（不复权）、该股票是否属于新能源概念板块,"1. vesearch：2023 年 7 月 18 日，隆基绿能（601012）披露《关于终止股权激励计划的公告》，公司为全球最大光伏组件制造商，2022 年组件出货量 85GW，核心品牌 “隆基”
2. stock_zh_a_hist：[{'日期': datetime.date(2023, 7, 18), '股票代码': '601012', '开盘': 30.0, '收盘': 29.5, '最高': 30.08, '最低': 29.26, '成交量': 882322, '成交额': 2600239433.0, '振幅': 2.75, '涨跌幅': -0.97, '涨跌额': -0.29, '换手率': 1.16}]
3. stock_board_concept_cons_em: 不包含隆基绿能","1. vesearch：2023 年 7 月，上交所光伏企业（全球最大组件制造商，2022 年出货 80GW+，品牌 “隆基”）拟终止 2022 年股权激励计划，查公司名称、代码、公告日期
2. stock_zh_a_hist：symbol=""601012""，period=""daily""，start_date=""20230718""，end_date=""20230718""，adjust=""""
3. stock_board_concept_cons_em: symbol=""新能源""
",financial_deep_research.evalset.json,traces/veadk_opentelemetry_tracer_veadk_default_user_financial_deep_research_8_8f7addea90571a22a0b91a035d95ea0f.json
9,2023 年 5 月，国内某深交所创业板教育企业（主营中小学教辅图书，2022 年教辅营收占比超 90%）澄清无 AI 大模型相关业务，查询澄清公告后 3 个交易日的日线数据（前复权）、教育板块同期每日涨跌幅,"1. vesearch：2023 年 5 月 4 日，世纪天鸿（300654）披露《澄清公告》，否认有 AI 大模型业务，公司主营中小学教辅图书，2022 年教辅营收占比 92%，品牌 “世纪天鸿”
2. stock_zh_a_hist：
[{'日期': datetime.date(2023, 5, 5), '股票代码': '300654', '开盘': 16.4, '收盘': 18.87, '最高': 19.94, '最低': 15.92, '成交量': 780163, '成交额': 1418350892.0, '振幅': 23.74, '涨跌幅': 11.46, '涨跌额': 1.94, '换手率': 24.43}, {'日期': datetime.date(2023, 5, 8), '股票代码': '300654', '开盘': 18.2, '收盘': 19.67, '最高': 21.73, '最低': 16.97, '成交量': 598863, '成交额': 1132586540.0, '振幅': 25.23, '涨跌幅': 4.24, '涨跌额': 0.8, '换手率': 18.75}, {'日期': datetime.date(2023, 5, 9), '股票代码': '300654', '开盘': 18.7, '收盘': 18.14, '最高': 19.79, '最低': 17.73, '成交量': 430569, '成交额': 802977284.0, '振幅': 10.47, '涨跌幅': -7.78, '涨跌额': -1.53, '换手率': 13.48}]
3. stock_board_industry_hist_em：
[{'日期': '2023-05-05', '开盘': 658.21, '收盘': 690.93, '最高': 698.27, '最低': 654.69, '涨跌幅': 4.52, '涨跌额': 29.89, '成交量': 10438393, '成交额': 8060529628.0, '振幅': 6.59, '换手率': 8.86}, {'日期': '2023-05-08', '开盘': 712.37, '收盘': 710.1, '最高': 724.22, '最低': 701.65, '涨跌幅': 2.77, '涨跌额': 19.17, '成交量': 10560415, '成交额': 8380308449.0, '振幅': 3.27, '换手率': 8.96}, {'日期': '2023-05-09', '开盘': 707.03, '收盘': 680.52, '最高': 708.82, '最低': 680.01, '涨跌幅': -4.17, '涨跌额': -29.58, '成交量': 9319401, '成交额': 7410102482.0, '振幅': 4.06, '换手率': 7.91}]","1. vesearch：2023 年 5 月，深交所创业板教育企业（主营中小学教辅，2022 年教辅营收占比 90%+）澄清无 AI 大模型业务，查公司名称、代码、公告日期
2. stock_zh_a_hist：symbol=""300654""，period=""daily""，start_date=""20230505""，end_date=""20230509""，adjust=""qfq""
3. stock_board_industry_hist_em：symbol=""教育""，start_date=""20230505""，end_date=""20230509""，period=""daily""，adjust=""""
",financial_deep_research.evalset.json,traces/veadk_opentelemetry_tracer_veadk_default_user_financial_deep_research_9_76217534865a0bfbd4b3827edae8fe40.json
10,2023 年 5 月，国内某深交所创业板软件企业（主营创意软件，核心产品为万兴喵影、万兴 PDF，2022 年海外营收占比超 80%）否认参与 ChatGPT 研发，查询否认公告发布之后的3 个交易日累计涨跌幅,"1. vesearch：2023 年 5 月 4 日，万兴科技（300624）披露《澄清公告》，否认参与 ChatGPT 研发，公司主营创意软件，核心产品万兴喵影（视频编辑）、万兴 PDF，2022 年海外营收占比 85%
2. stock_zh_a_hist：[{'日期': datetime.date(2023, 5, 4), '股票代码': '300624', '开盘': 146.0, '收盘': 158.5, '最高': 164.44, '最低': 141.5, '成交量': 169724, '成交额': 2550599454.0, '振幅': 16.34, '涨跌幅': 12.89, '涨跌额': 18.1, '换手率': 14.59}, {'日期': datetime.date(2023, 5, 5), '股票代码': '300624', '开盘': 150.0, '收盘': 144.0, '最高': 154.99, '最低': 142.11, '成交量': 160553, '成交额': 2365336207.0, '振幅': 8.13, '涨跌幅': -9.15, '涨跌额': -14.5, '换手率': 13.81}, {'日期': datetime.date(2023, 5, 8), '股票代码': '300624', '开盘': 145.01, '收盘': 143.5, '最高': 147.8, '最低': 138.0, '成交量': 134933, '成交额': 1931644106.0, '振幅': 6.81, '涨跌幅': -0.35, '涨跌额': -0.5, '换手率': 11.6}, {'日期': datetime.date(2023, 5, 9), '股票代码': '300624', '开盘': 137.48, '收盘': 143.99, '最高': 153.99, '最低': 135.0, '成交量': 161331, '成交额': 2358913655.0, '振幅': 13.23, '涨跌幅': 0.34, '涨跌额': 0.49, '换手率': 13.87}]
（三日累计涨跌幅-9.15%）","1. vesearch：2023 年 5 月，深交所创业板软件企业（主营创意软件，核心产品万兴喵影 + 万兴 PDF，海外营收 80%+）否认参与 ChatGPT 研发，查公司名称、代码、公告日期
2. stock_zh_a_hist：symbol=""300624""，period=""daily""，start_date=""20230504""，end_date=""20230509""，adjust=""""
",financial_deep_research.evalset.json,traces/veadk_opentelemetry_tracer_veadk_default_user_financial_deep_research_10_6f758623d9c0a059313635158037b885.json
11,2023 年 7 月，国内某上交所食品企业（主营酱油、鸡精等调味品，拥有 “厨邦” 品牌，2022 年调味品营收超 60 亿元）实际控制人失去公司控制权，查询该事件公告当日的日线数据（不复权）、食品饮料板块当日涨跌幅,"1. vesearch：2023 年 7 月 19 日，中炬高新（600872）披露《实控人变更公告》，姚振华失去控制权，公司主营酱油、鸡精等调味品，核心品牌 “厨邦”，2022 年调味品营收 62.3 亿元
2. stock_zh_a_hist：[{'日期': datetime.date(2023, 7, 19), '股票代码': '600872', '开盘': 34.48, '收盘': 34.28, '最高': 34.6, '最低': 34.16, '成交量': 37631, '成交额': 129037486.0, '振幅': 1.28, '涨跌幅': -0.35, '涨跌额': -0.12, '换手率': 0.48}]
3. stock_board_industry_hist_em：[{'日期': '2023-07-19', '开盘': 23773.04, '收盘': 23815.16, '最高': 23902.72, '最低': 23715.74, '涨跌幅': 0.05, '涨跌额': 12.93, '成交量': 5482130, '成交额': 7928073150.0, '振幅': 0.79, '换手率': 0.72}]","1. vesearch：2023 年 7 月，上交所食品企业（主营调味品，品牌 “厨邦”，2022 年调味品营收 60 亿 +）实控人失去控制权，查公司名称、代码、公告日期
2. stock_zh_a_hist：symbol=""600872""，period=""daily""，start_date=""20230719""，end_date=""20230719""，adjust=""""
3. stock_board_industry_hist_em：symbol=""食品饮料""，start_date=""20230719""，end_date=""20230719""，period=""日k""，adjust=""""
",financial_deep_research.evalset.json,traces/veadk_opentelemetry_tracer_veadk_default_user_financial_deep_research_11_e94c68383d15f0b6c5cd42aadc5f509a.json
12,2023 年 8 月，国内某深交所主板新能源汽车企业（全球新能源汽车销量前三，2022 年销量超 180 万辆）第 500 万辆新能源汽车下线，查询该事件公告当日的日线数据（前复权），以及公司上市时间,"1. vesearch：2023 年 8 月 9 日，比亚迪（002594）披露《第 500 万辆新能源车下线公告》，公司 2022 年新能源汽车销量 186.8 万辆（全球第三）
2. stock_zh_a_hist：[{'日期': datetime.date(2023, 8, 9), '股票代码': '002594', '开盘': 84.98, '收盘': 85.28, '最高': 85.48, '最低': 84.39, '成交量': 72499, '成交额': 1897124687.56, '振幅': 1.28, '涨跌幅': -0.15, '涨跌额': -0.13, '换手率': 0.62}]
3. stock_individual_info_em：[{'item': '最新', 'value': 107.29}, {'item': '股票代码', 'value': '002594'}, {'item': '股票简称', 'value': '比亚迪'}, {'item': '总股本', 'value': 9117197565.0}, {'item': '流通股', 'value': 3487241823.0}, {'item': '总市值', 'value': 978184126748.8501}, {'item': '流通市值', 'value': 374146175189.67004}, {'item': '行业', 'value': '汽车整车'}, {'item': '上市时间', 'value': 20110630}]","1. vesearch：2023 年 8 月，深交所主板新能源汽车企业（全球销量前三，2022 年销 180 万 + 辆）第 500 万辆新能源车下线，查公司名称、代码、公告日期
2. stock_zh_a_hist：symbol=""002594""，period=""daily""，start_date=""20230809""，end_date=""20230809""，adjust=""qfq""
3. stock_individual_info_em：symbol=""002594""",financial_deep_research.evalset.json,traces/veadk_opentelemetry_tracer_veadk_default_user_financial_deep_research_12_23012b93a0f4f11dc863df4474a8e055.json
13,2023 年 5 月，国内某深交所主板 ST 企业（主营文旅地产，曾运营广州雪世界、无锡雪世界，2022 年营收不足 5 亿元）实际控制人被采取刑事强制措施，查询该日的公司日线数据，后续有消息称当年12月29日公司被公告退市，查询当日是否有公司动态发布,"1. vesearch：2023 年 5 月 7 日，*ST 雪发（002485）披露《实控人被刑事强制措施公告》，实控人被立案，公司主营文旅地产，运营广州融创雪世界、无锡融创雪世界，2022 年营收 4.2 亿元
2. stock_zh_a_hist：[]
3. stock_gsrl_gsdt_em：无公司动态","1. vesearch：2023 年 5 月，深交所主板 ST 企业（主营文旅地产，运营广州 / 无锡雪世界，2022 年营收 < 5 亿）实控人被刑事强制措施，查公司名称、代码、退市日期
2. stock_zh_a_hist：symbol=""002485""，period=""daily""，start_date=""20230507""，end_date=""20230507""，adjust=""""
3. stock_gsrl_gsdt_em：date=""20231229""",financial_deep_research.evalset.json,traces/veadk_opentelemetry_tracer_veadk_default_user_financial_deep_research_13_39ceb2d9a2223383fb4bd4d4500f7876.json
14,2023 年 2 月，国内某深交所创业板动力电池企业（全球动力电池装机量第一，2022 年装机量超 130GWh，客户含特斯拉、宝马）与福特合作建美国电池工厂，查询该事件公告当日的日线数据（不复权）、电池板块当日涨跌幅,"1. vesearch：2023 年 2 月 14 日，宁德时代（300750）披露《与福特合作公告》，双方拟在美国建电池工厂，公司 2022 年全球动力电池装机量 131GWh（全球第一），客户含特斯拉、宝马
2. stock_zh_a_hist：[{'日期': datetime.date(2023, 2, 14), '股票代码': '300750', '开盘': 469.0, '收盘': 451.05, '最高': 469.3, '最低': 445.79, '成交量': 128122, '成交额': 5816558282.0, '振幅': 5.11, '涨跌幅': -1.95, '涨跌额': -8.95, '换手率': 0.61}]
stock_board_industry_hist_em：[{'日期': '2023-02-14', '开盘': 1390.91, '收盘': 1388.45, '最高': 1393.28, '最低': 1376.26, '涨跌幅': -0.01, '涨跌额': -0.2, '成交量': 4728903, '成交额': 20986930675.14, '振幅': 1.23, '换手率': 1.11}]","1. vesearch：2023 年 2 月，深交所创业板动力电池企业（全球装机量第一，2022 年装 130GWh+，客户特斯拉 + 宝马）与福特合作建厂，查公司名称、代码、公告日期
2. stock_zh_a_hist：symbol=""300750""，period=""daily""，start_date=""20230214""，end_date=""20230214""，adjust=""""
3. stock_board_industry_hist_em：symbol=""电池""，start_date=""20230214""，end_date=""20230214""，period=""日k""，adjust=""""
",financial_deep_research.evalset.json,traces/veadk_opentelemetry_tracer_veadk_default_user_financial_deep_research_14_a0c6b2625b028b54ee9cf96aea7ea205.json
15,2023 年 3 月，国内某上交所通信企业（央企，主营电信运营，2022 年 5G 基站数超 30 万个）拟分拆子公司至科创板上市，查询该事件公告当日的日线数据（不复权）、公司所属概念板块（5G概念）当日涨跌幅,"1. vesearch：2023 年 3 月 9 日，中国联通（600050）披露《分拆智网科技至科创板上市预案》，公司为央企通信运营商，品牌 “联通”，2022 年运营 5G 基站 32.5 万个
2. stock_zh_a_hist：[{'日期': datetime.date(2023, 3, 9), '股票代码': '600050', '开盘': 5.91, '收盘': 6.0, '最高': 6.2, '最低': 5.77, '成交量': 9607805, '成交额': 5713306500.0, '振幅': 7.08, '涨跌幅': -1.15, '涨跌额': -0.07, '换手率': 3.1}]
3. stock_board_concept_hist_em：[{'日期': '2023-03-09', '开盘': 972.23, '收盘': 978.2, '最高': 981.94, '最低': 966.06, '涨跌幅': 0.76, '涨跌额': 7.41, '成交量': 78985241, '成交额': 94710122812.83, '振幅': 1.64, '换手率': 2.09}]","1. vesearch：2023 年 3 月，上交所央企通信企业（2022 年 5G 基站 30 万 + 个，主营电信运营）拟分拆子公司至科创板，查公司名称、代码、公告日期
2. stock_zh_a_hist：symbol=""600050""，period=""daily""，start_date=""20230309""，end_date=""20230309""，adjust=""""
3. stock_board_concept_hist_em：symbol=""5G概念""，start_date=""20230309""，end_date=""20230309""，period=""daily""，adjust=""""",financial_deep_research.evalset.json,traces/veadk_opentelemetry_tracer_veadk_default_user_financial_deep_research_15_28c32a3fb074bac5b7232e648996e0e6.json
16,2023 年 3 月，国内某深交所主板医药企业（主营心血管类药物，核心产品为信立坦，2022 年该产品营收超 15 亿元）拟分拆医疗器械子公司上市，查询该事件公告后 2 个交易日的日线数据（前复权）及公司所属行业板块,"1. vesearch：2023 年 3 月 29 日，信立泰（002294）披露《分拆医疗器械子公司上市预案》，公司主营心血管类药物，核心产品信立坦（缬沙坦氨氯地平片）2022 年营收 16.8 亿元
2. stock_zh_a_hist：[{'日期': datetime.date(2023, 3, 30), '股票代码': '002294', '开盘': 32.78, '收盘': 32.71, '最高': 33.06, '最低': 32.29, '成交量': 35832, '成交额': 122436895.59, '振幅': 2.36, '涨跌幅': 0.46, '涨跌额': 0.15, '换手率': 0.32}, {'日期': datetime.date(2023, 3, 31), '股票代码': '002294', '开盘': 32.67, '收盘': 33.87, '最高': 33.96, '最低': 32.67, '成交量': 40501, '成交额': 141879185.11, '振幅': 3.94, '涨跌幅': 3.55, '涨跌额': 1.16, '换手率': 0.36}]
3. stock_individual_info_em：[{'item': '最新', 'value': 60.66}, {'item': '股票代码', 'value': '002294'}, {'item': '股票简称', 'value': '信立泰'}, {'item': '总股本', 'value': 1114816535.0}, {'item': '流通股', 'value': 1114565736.0}, {'item': '总市值', 'value': 67624771013.1}, {'item': '流通市值', 'value': 67609557545.759995}, {'item': '行业', 'value': '化学制药'}, {'item': '上市时间', 'value': 20090910}]","1. vesearch：2023 年 3 月，深交所主板医药企业（主营心血管药，核心产品信立坦 2022 年营收 15 亿 +）拟分拆医疗器械子公司，查公司名称、代码、公告日期
2. stock_zh_a_hist：symbol=""002294""，period=""daily""，start_date=""20230330""，end_date=""20230331""，adjust=""qfq""
3. stock_individual_info_em：symbol=""002294""",financial_deep_research.evalset.json,traces/veadk_opentelemetry_tracer_veadk_default_user_financial_deep_research_16_a9d5827594b48614b7b39f862717fed6.json
17,2023 年 3 月，国内某上交所航空企业（央企，主营航空运输，2022 年客运量超 6000 万人次，核心基地为广州白云机场）拟分拆物流子公司上市，查询该公司2023年月K数据，哪个月涨幅最大？,"1. vesearch：2023 年 3 月 28 日，南方航空（600029）披露《分拆南方物流上市预案》，公司为央企航空运输企业，2022 年客运量 6230 万人次，核心运营基地为广州白云机场
2. stock_zh_a_hist：[{'日期': datetime.date(2023, 1, 31), '股票代码': '600029', '开盘': 7.62, '收盘': 7.33, '最高': 7.98, '最低': 7.28, '成交量': 8092610, '成交额': 6216775591.0, '振幅': 9.21, '涨跌幅': -3.55, '涨跌额': -0.27, '换手率': 7.92}, {'日期': datetime.date(2023, 2, 28), '股票代码': '600029', '开盘': 7.33, '收盘': 7.9, '最高': 7.91, '最低': 7.05, '成交量': 10470396, '成交额': 7791402469.0, '振幅': 11.73, '涨跌幅': 7.78, '涨跌额': 0.57, '换手率': 10.25}, {'日期': datetime.date(2023, 3, 31), '股票代码': '600029', '开盘': 7.92, '收盘': 7.87, '最高': 8.2, '最低': 7.38, '成交量': 10694063, '成交额': 8370037824.0, '振幅': 10.38, '涨跌幅': -0.38, '涨跌额': -0.03, '换手率': 10.46}, {'日期': datetime.date(2023, 4, 28), '股票代码': '600029', '开盘': 7.85, '收盘': 7.75, '最高': 8.42, '最低': 7.36, '成交量': 9187303, '成交额': 7278284548.0, '振幅': 13.47, '涨跌幅': -1.52, '涨跌额': -0.12, '换手率': 8.99}, {'日期': datetime.date(2023, 5, 31), '股票代码': '600029', '开盘': 7.68, '收盘': 6.27, '最高': 7.68, '最低': 6.16, '成交量': 10430871, '成交额': 7105659006.0, '振幅': 19.61, '涨跌幅': -19.1, '涨跌额': -1.48, '换手率': 10.21}, {'日期': datetime.date(2023, 6, 30), '股票代码': '600029', '开盘': 6.27, '收盘': 6.03, '最高': 6.39, '最低': 5.69, '成交量': 12236995, '成交额': 7324443703.0, '振幅': 11.16, '涨跌幅': -3.83, '涨跌额': -0.24, '换手率': 9.66}, {'日期': datetime.date(2023, 7, 31), '股票代码': '600029', '开盘': 6.05, '收盘': 6.99, '最高': 7.08, '最低': 6.05, '成交量': 11533340, '成交额': 7551534671.0, '振幅': 17.08, '涨跌幅': 15.92, '涨跌额': 0.96, '换手率': 9.1}, {'日期': datetime.date(2023, 8, 31), '股票代码': '600029', '开盘': 7.0, '收盘': 6.32, '最高': 7.12, '最低': 6.28, '成交量': 9796505, '成交额': 6552026998.0, '振幅': 12.02, '涨跌幅': -9.59, '涨跌额': -0.67, '换手率': 7.73}, {'日期': datetime.date(2023, 9, 28), '股票代码': '600029', '开盘': 6.34, '收盘': 6.12, '最高': 6.5, '最低': 6.03, '成交量': 5425476, '成交额': 3415230251.0, '振幅': 7.44, '涨跌幅': -3.16, '涨跌额': -0.2, '换手率': 4.28}, {'日期': datetime.date(2023, 10, 31), '股票代码': '600029', '开盘': 6.11, '收盘': 6.18, '最高': 6.26, '最低': 5.52, '成交量': 5574253, '成交额': 3293728320.0, '振幅': 12.09, '涨跌幅': 0.98, '涨跌额': 0.06, '换手率': 4.4}, {'日期': datetime.date(2023, 11, 30), '股票代码': '600029', '开盘': 6.2, '收盘': 6.15, '最高': 6.38, '最低': 5.9, '成交量': 6957406, '成交额': 4270753583.0, '振幅': 7.77, '涨跌幅': -0.49, '涨跌额': -0.03, '换手率': 5.49}, {'日期': datetime.date(2023, 12, 29), '股票代码': '600029', '开盘': 6.15, '收盘': 5.76, '最高': 6.19, '最低': 5.58, '成交量': 6892862, '成交额': 4059966132.0, '振幅': 9.92, '涨跌幅': -6.34, '涨跌额': -0.39, '换手率': 5.44}]","1. vesearch：2023 年 3 月，上交所央企航空企业（2022 年客运 6000 万 + 人次，基地广州白云机场，主营航空运输）拟分拆物流子公司，查公司名称、代码、公告日期
2. stock_zh_a_hist：symbol=""600029""，period=""monthly""，start_date=""20230101""，end_date=""20231231""，adjust=""""
",financial_deep_research.evalset.json,traces/veadk_opentelemetry_tracer_veadk_default_user_financial_deep_research_17_7b020f49057fe1d67427fb1b2f96ac3.json
18,2023 年 3 月，国内某上交所家用电器企业（全球彩电出货量第二，核心技术 ULED + 激光电视）拟分拆芯片子公司上市，查询该事件公告当日的日线数据（不复权）、电子元件板块当日涨跌幅,"1. vesearch：2023 年 3 月 31 日，海信视像（600060）披露《分拆信芯微上市预案》，公司主营液晶电视面板等显示器件，2022 年面板出货量 3200 万片，核心品牌 “海信”
2. stock_zh_a_hist：[{'日期': datetime.date(2023, 3, 31), '股票代码': '600060', '开盘': 19.02, '收盘': 19.73, '最高': 20.02, '最低': 18.7, '成交量': 283775, '成交额': 551476317.0, '振幅': 6.83, '涨跌幅': 2.12, '涨跌额': 0.41, '换手率': 2.2}]
3. stock_board_industry_hist_em：[{'日期': '2023-03-31', '开盘': 19112.96, '收盘': 19118.07, '最高': 19121.11, '最低': 18954.98, '涨跌幅': -0.06, '涨跌额': -12.24, '成交量': 9294346, '成交额': 19284407229.0, '振幅': 0.87, '换手率': 1.41}]","1. vesearch：2023 年 3 月，上交所家用电器企业（全球彩电出货量第二，核心技术 ULED + 激光电视）拟分拆芯片子公司上市，查公司名称、代码、公告日期
2. stock_zh_a_hist：symbol=""600060""，period=""daily""，start_date=""20230331""，end_date=""20230331""，adjust=""""
3. stock_board_industry_hist_em：symbol=""电子元件""，start_date=""20230331""，end_date=""20230331""，period=""日k""，adjust=""""
",financial_deep_research.evalset.json,traces/veadk_opentelemetry_tracer_veadk_default_user_financial_deep_research_18_f351e0bc489459a3aee22308f8bc5f4d.json
19,2023 年 2 月，国内某深交所主板电子企业（主营通信设备，核心产品为射频器件，2022 年为华为提供 5G 基站配套部件）实际控制人涉嫌内幕交易被公诉，查询该事件公告后 3 个交易日是否有跌停,"1. vesearch：2023 年 2 月 11 日，春兴精工（002547）披露《实控人被公诉公告》，实控人涉嫌内幕交易，公司主营通信设备，核心产品为射频器件，2022 年为华为 5G 基站提供配套部件
2. stock_zh_a_hist：[{'日期': datetime.date(2023, 2, 13), '股票代码': '002547', '开盘': 5.66, '收盘': 6.05, '最高': 6.18, '最低': 5.66, '成交量': 1856270, '成交额': 1103233552.11, '振幅': 8.65, '涨跌幅': 0.67, '涨跌额': 0.04, '换手率': 16.81}, {'日期': datetime.date(2023, 2, 14), '股票代码': '002547', '开盘': 5.88, '收盘': 6.23, '最高': 6.31, '最低': 5.8, '成交量': 1797363, '成交额': 1086188404.28, '振幅': 8.43, '涨跌幅': 2.98, '涨跌额': 0.18, '换手率': 16.28}, {'日期': datetime.date(2023, 2, 15), '股票代码': '002547', '开盘': 6.24, '收盘': 6.18, '最高': 6.45, '最低': 6.13, '成交量': 1648917, '成交额': 1036346896.58, '振幅': 5.14, '涨跌幅': -0.8, '涨跌额': -0.05, '换手率': 14.94}] (未出现跌停)","1. vesearch：2023 年 2 月，深交所主板电子企业（主营通信设备，射频器件产品，2022 年配套华为 5G 基站）实控人涉内幕交易被公诉，查公司名称、代码、公告日期
2. stock_zh_a_hist：symbol=""002547""，period=""daily""，start_date=""20230213""，end_date=""20230215""，adjust=""""
",financial_deep_research.evalset.json,traces/veadk_opentelemetry_tracer_veadk_default_user_financial_deep_research_19_6b06aa670c676af30a046c773aec699e.json
20,2023 年 2 月，国内某深交所创业板化工企业（主营道路沥青、改性沥青，2022 年沥青营收占比超 80%，参与全国多条高速公路建设）易主告吹，查询该事件公告当日涨跌幅,"1. vesearch：2023 年 2 月 13 日，宝利国际（300135）披露《《关于终止筹划控制权变更暨公司股票复牌的公告》，公司主营道路沥青、改性沥青，2022 年沥青营收 28.6 亿元（占比 85%），参与京沪高速、沪昆高速建设
2. stock_zh_a_hist：[{'日期': datetime.date(2023, 2, 13), '股票代码': '300135', '开盘': 2.88, '收盘': 3.03, '最高': 3.08, '最低': 2.88, '成交量': 1646928, '成交额': 489721091.0, '振幅': 5.71, '涨跌幅': -13.43, '涨跌额': -0.47, '换手率': 23.2}]","1. vesearch：2023 年 2 月，深交所创业板化工企业（主营道路沥青，2022 年沥青营收占比 80%+，参与高速建设）易主告吹，查公司名称、代码、公告日期
2. stock_zh_a_hist：symbol=""300135""，period=""daily""，start_date=""20230213""，end_date=""20230213""，adjust=""""
",financial_deep_research.evalset.json,traces/veadk_opentelemetry_tracer_veadk_default_user_financial_deep_research_20_d17041663bc972e87b731dd28e1a24c0.json
21,2022年 6 月，国内某上交所白酒龙头企业（2022 年营收超 1200 亿元，全球烈酒销量排名第一）大股东增持股票，查询该事件公告当日的日线数据（不复权）、酿酒行业当日涨跌幅,"1. vesearch：2022 年 6 月 16 日，贵州茅台（600519）披露《大股东增持公告》，大股东茅台集团增持 100 万股，公司核心产品飞天茅台，2022 年营收 1275.6 亿元，全球烈酒销量第一
2. stock_zh_a_hist：[{'日期': datetime.date(2022, 6, 16), '股票代码': '600519', '开盘': 1894.59, '收盘': 1877.0, '最高': 1907.63, '最低': 1875.33, '成交量': 26887, '成交额': 5087605504.0, '振幅': 1.72, '涨跌幅': 0.1, '涨跌额': 1.9, '换手率': 0.21}]
3. stock_board_industry_hist_em：[{'日期': '2022-06-16', '开盘': 59149.87, '收盘': 58861.41, '最高': 59884.76, '最低': 58669.43, '涨跌幅': -0.37, '涨跌额': -216.86, '成交量': 4475545, '成交额': 22733985280.0, '振幅': 2.06, '换手率': 1.46}]","1. vesearch：2022 年 6 月，上交所白酒龙头（2022 年营收 1200 亿 +，全球烈酒销量第一）大股东增持，查公司名称、代码、公告日期
2. stock_zh_a_hist：symbol=""600519""，period=""daily""，start_date=""20220616""，end_date=""20220616""，adjust=""""
3. stock_board_industry_hist_em：symbol=""酿酒行业""，start_date=""20220616""，end_date=""20220616""，period=""日k""，adjust=""""",financial_deep_research.evalset.json,traces/veadk_opentelemetry_tracer_veadk_default_user_financial_deep_research_21_cd2f01e2373bdde936884e50acce9f1e.json
22,2023 年 3 月，国内某深交所主板电子龙头企业（主营安防摄像头，2022 年全球安防设备市占率 38%（排名第一），核心产品 DS-2CD3T46DWD-I5）子公司 IPO 申请获受理，查询公司所属行业板块、上市时间,"1. vesearch：2023 年 3 月 8 日，海康威视（002415）披露《子公司 IPO 受理公告》，子公司海康机器人 IPO 获创业板受理，公司主营安防摄像头，2022 年全球安防设备市占率 38%，核心产品 DS-2CD3T46DWD-I5（400 万像素网络摄像机）
2. stock_individual_info_em：[{'item': '最新', 'value': 30.66}, {'item': '股票代码', 'value': '002415'}, {'item': '股票简称', 'value': '海康威视'}, {'item': '总股本', 'value': 9164871550.0}, {'item': '流通股', 'value': 9046433602.0}, {'item': '总市值', 'value': 280994961723.0}, {'item': '流通市值', 'value': 277363654237.32}, {'item': '行业', 'value': '计算机设备'}, {'item': '上市时间', 'value': 20100528}]","1. vesearch：2023 年 3 月，深交所主板电子龙头（主营安防摄像头，2022 年全球市占率 38%，核心产品 DS-2CD3T46DWD-I5）子公司 IPO 获受理，查公司名称、代码、公告日期
2. stock_individual_info_em：symbol=""002415""",financial_deep_research.evalset.json,traces/veadk_opentelemetry_tracer_veadk_default_user_financial_deep_research_22_7c3f8099b3acc302280b181e92395dcb.json
23,2023 年 2 月中旬，国内某上交所商贸企业（主营 B2B 工业品电商，2022 年营收超 400 亿元，核心平台 “国联云” 服务超 10 万家企业）披露回购进展，查询该事件公告当日的日线数据（不复权）、及公司已回购股份数量,"1. vesearch：2023 年 2 月 15 日，国联股份（603613）披露《回购进展公告》，已回购102.39 万股，公司主营 B2B 工业品电商，2022 年营收 402.6 亿元，核心平台 “国联云” 服务 12.5 万家企业
2. stock_zh_a_hist：[{'日期': datetime.date(2023, 2, 15), '股票代码': '603613', '开盘': 83.05, '收盘': 84.51, '最高': 85.71, '最低': 82.82, '成交量': 104263, '成交额': 878211415.0, '振幅': 3.4, '涨跌幅': -0.63, '涨跌额': -0.54, '换手率': 2.09}]","1. vesearch：2023 年 2 月中旬，上交所商贸企业（主营 B2B 工业品电商，2022 年营收 400 亿 +，平台 “国联云” 服务 10 万 + 企业）披露回购进展，查公司名称、代码、公告日期及回购数量
2. stock_zh_a_hist：symbol=""603613""，period=""daily""，start_date=""20230215""，end_date=""20230215""，adjust=""""",financial_deep_research.evalset.json,traces/veadk_opentelemetry_tracer_veadk_default_user_financial_deep_research_23_248086a15bc7d78ad1d023bda9ad9a4b.json
24,2023 年 2 月，国内某深交所创业板金融科技企业（主营证券交易软件，2022 年 月活超 1500 万，券商业务营收占比超 60%）子公司发行 15 亿元短融，查询该事件公告当日的涨幅、券商概念板块当日涨跌幅,"1. vesearch：2023 年 2 月 16 日，东方财富（300059）披露《子公司短融发行公告》，子公司东方财富证券发行 15 亿元短期融资券，公司主营 “东方财富” 证券交易软件，2022 年 APP 月活 1580 万，券商业务营收 89.6 亿元（占比 62%）
2. stock_zh_a_hist：[{'日期': datetime.date(2023, 2, 16), '股票代码': '300059', '开盘': 21.7, '收盘': 21.55, '最高': 22.27, '最低': 21.3, '成交量': 2256336, '成交额': 4941404169.0, '振幅': 4.48, '涨跌幅': -0.51, '涨跌额': -0.11, '换手率': 2.03}]
3. stock_board_concept_hist_em：[{'日期': '2023-02-16', '开盘': 894.17, '收盘': 886.99, '最高': 914.37, '最低': 881.23, '涨跌幅': -0.81, '涨跌额': -7.23, '成交量': 34970629, '成交额': 33944675352.42, '振幅': 3.71, '换手率': 1.26}]","1. vesearch：2023 年 2 月，深交所创业板金融科技企业（主营证券交易软件，2022年 APP 月活 1500 万 +，券商营收 60%+）子公司发 15 亿短融，查公司名称、代码、公告日期
2. stock_zh_a_hist：symbol=""300059""，period=""daily""，start_date=""20230216""，end_date=""20230216""，adjust=""""
3. stock_board_concept_hist_em：symbol=""券商概念"", start_date=""20230216"", end_date=""20230216"", period=""daily"", adjust=""""
",financial_deep_research.evalset.json,traces/veadk_opentelemetry_tracer_veadk_default_user_financial_deep_research_24_ad45eaa8197cb8ba2217c29fdde42a2f.json
25,2023 年 8 月，证监会阶段性收紧 IPO 节奏，查询政策发布次日券商概念板块日涨跌幅、次新股板块日涨跌幅，及国内某头部券商（上交所上市，2022 年经纪业务营收超 150 亿元）日线数据（不复权）,"1. vesearch：2023 年 8 月 27 日，证监会公告阶段性收紧 IPO 节奏；上交所头部券商（2022 年经纪业务营收 156.8 亿元，品牌 “中信证券”）为中信证券（600030）
2. stock_board_concept_hist_em：[{'日期': '2023-08-28', '开盘': 1083.59, '收盘': 1009.64, '最高': 1083.59, '最低': 1007.99, '涨跌幅': 2.83, '涨跌额': 27.81, '成交量': 129017024, '成交额': 138438064907.0, '振幅': 7.7, '换手率': 4.66}]
3. stock_board_concept_hist_em：[{'日期': '2023-08-28', '开盘': 34441.41, '收盘': 32568.13, '最高': 34441.41, '最低': 32469.54, '涨跌幅': 0.55, '涨跌额': 179.39, '成交量': 19127686, '成交额': 57366861998.0, '振幅': 6.09, '换手率': 25.51}]
4. stock_zh_a_hist：[{'日期': datetime.date(2023, 8, 28), '股票代码': '600030', '开盘': 25.77, '收盘': 23.79, '最高': 25.77, '最低': 23.66, '成交量': 5056354, '成交额': 12580601070.0, '振幅': 9.01, '涨跌幅': 1.54, '涨跌额': 0.36, '换手率': 4.45}]","1. vesearch：2023 年 8 月，证监会收紧 IPO 节奏，查政策发布日期；同时查上交所头部券商（2022 年经纪营收 150 亿 +）名称、代码
2. stock_board_concept_hist_em：symbol=""券商概念""，start_date=""20230828""，end_date=""20230828""，period=""daily""，adjust=""""
3. stock_board_concept_hist_em：symbol=""次新股""，start_date=""20230828""，end_date=""20230828""，period=""daily""，adjust=""""
4. stock_zh_a_hist：symbol=""600030""，period=""daily""，start_date=""20230828""，end_date=""20230828""，adjust=""""",financial_deep_research.evalset.json,traces/veadk_opentelemetry_tracer_veadk_default_user_financial_deep_research_25_6c3d8d4268f4723a11e8a0b55ac90ad6.json
26,2023 年 9 月，公募基金费率改革落地（130 余家机构降费），查询改革落地当日高费率基金重仓股（某上交所消费企业，主营乳制品，2022 年营收超 1200 亿元，品牌 “伊利”）的当日日线数据（不复权）、乳业（概念板块）当日涨跌幅,"1. vesearch：2023 年 9 月 1 日，公募基金费率改革落地，高费率基金重仓股伊利股份（600887）为上交所消费企业，主营乳制品，2022 年营收 1231.7 亿元，品牌 “伊利”
2. stock_zh_a_hist：[{'日期': datetime.date(2023, 9, 1), '股票代码': '600887', '开盘': 26.1, '收盘': 26.05, '最高': 26.42, '最低': 26.01, '成交量': 485934, '成交额': 1271521440.0, '振幅': 1.58, '涨跌幅': 0.19, '涨跌额': 0.05, '换手率': 0.77}]
3. stock_board_concept_hist_em：[{'日期': '2023-09-01', '开盘': 1071.68, '收盘': 1101.1, '最高': 1110.83, '最低': 1071.68, '涨跌幅': 3.39, '涨跌额': 36.1, '成交量': 5753715, '成交额': 5888746920.0, '振幅': 3.68, '换手率': 1.91}]","1. vesearch：2023 年 9 月，公募费率改革落地，查高费率基金重仓的上交所消费企业（主营乳制品，2022 年营收 1200 亿 +）名称、代码、改革落地时间
2. stock_zh_a_hist：symbol=""600887""，period=""daily""，start_date=""20230901""，end_date=""20230901""，adjust=""""
3. stock_board_concept_hist_em：symbol=""乳业"", start_date=""20230901"", end_date=""20230901"", period=""daily"", adjust=""""",financial_deep_research.evalset.json,traces/veadk_opentelemetry_tracer_veadk_default_user_financial_deep_research_26_809d8e6348da4ec1281fb2a19e0813ac.json
27,2023 年 10 月，首批浮动管理费率基金正式发行，查询推出当日相关重仓股（某上交所新能源企业，主营锂电池正极材料，2022 年营收超 300 亿元，客户含宁德时代）的当日日线数据（不复权）、电池板块当日涨跌幅,"1. vesearch：2023 年 10 月 10 日，首批浮动管理费率基金推出，重仓股容百科技（688005）为深交所新能源企业，主营锂电池正极材料（三元材料），2022 年营收 301.2 亿元，客户含宁德时代
2. stock_zh_a_hist：[{'日期': datetime.date(2023, 10, 23), '股票代码': '688005', '开盘': 41.84, '收盘': 40.33, '最高': 41.96, '最低': 40.04, '成交量': 45649, '成交额': 185306901.0, '振幅': 4.59, '涨跌幅': -3.66, '涨跌额': -1.53, '换手率': 1.61}]
3. stock_board_industry_hist_em：[{'日期': '2023-10-23', '开盘': 903.81, '收盘': 873.28, '最高': 903.81, '最低': 868.76, '涨跌幅': -3.6, '涨跌额': -32.64, '成交量': 5542705, '成交额': 14263689292.0, '振幅': 3.87, '换手率': 1.3}]","1. vesearch：2023 年 10 月，首批浮动费率基金推出，查相关重仓的深交所新能源企业（主营锂电池正极材料，2022 年营收 300 亿 +，客户宁德时代）名称、代码、基金正式发行日期
2. stock_zh_a_hist：symbol=""688005""，period=""daily""，start_date=""20231023""，end_date=""20231023""，adjust=""""
3. stock_board_industry_hist_em：symbol=""电池""，start_date=""20231023""，end_date=""20231023""，period=""日k""，adjust=""""",financial_deep_research.evalset.json,traces/veadk_opentelemetry_tracer_veadk_default_user_financial_deep_research_27_3b87785d52e525b178b3a571ab7d5ded.json
28,2023 年 11 月举行保险资金运用专题座谈会鼓励保险机构“用足”现行权益投资政策空间，查询上调当日高股息股（某上交所公用事业企业，主营电力生产，2022 年股息率 5.2%，核心资产为长江三峡水电站）的当日日线数据（不复权）、公司所属行业板块,"1. vesearch：2023 年 11 月 8 日，举行保险资金运用专题座谈会，高股息股长江电力（600900）为上交所公用事业企业，主营水力发电，2022 年股息率 5.2%，核心资产含长江三峡水电站
2. stock_zh_a_hist：[{'日期': datetime.date(2023, 11, 8), '股票代码': '600900', '开盘': 22.29, '收盘': 22.37, '最高': 22.45, '最低': 22.29, '成交量': 323137, '成交额': 722886394.0, '振幅': 0.72, '涨跌幅': 0.45, '涨跌额': 0.1, '换手率': 0.14}]
3. stock_individual_info_em：[{'item': '最新', 'value': 27.21}, {'item': '股票代码', 'value': '600900'}, {'item': '股票简称', 'value': '长江电力'}, {'item': '总股本', 'value': 24468217716.0}, {'item': '流通股', 'value': 24007256503.0}, {'item': '总市值', 'value': 665780204052.36}, {'item': '流通市值', 'value': 653237449446.63}, {'item': '行业', 'value': '电力行业'}, {'item': '上市时间', 'value': 20031118}]","1. vesearch：2023 年 11 月举行保险资金运用专题座谈会鼓励保险机构“用足”现行权益投资政策空间，查高股息的上交所公用事业企业（主营电力，2022 年股息率 5.2%，资产含三峡水电站）名称、代码、保险资金运用专题座谈会日期
2. stock_zh_a_hist：symbol=""600900""，period=""daily""，start_date=""20231108""，end_date=""20231108""，adjust=""""
3. stock_individual_info_em：symbol=""600900""",financial_deep_research.evalset.json,traces/veadk_opentelemetry_tracer_veadk_default_user_financial_deep_research_28_2e9376cc0af2c34d9f42fb131fd2dcb.json
29,2023 年 12 月，开展长期股票投资试点（出资 500 亿元），查询试点启动当日相关概念股（某上交所保险企业，2022 年保费收入超 6000 亿元）的当日日线数据（不复权）、保险板块当日涨跌幅,"1. vesearch：2023 年 12 月 15 日，长期股票投资试点启动，相关概念股中国人寿（601628）为上交所保险企业，2022 年保费收入 6152.5 亿元，品牌 “中国人寿”
2. stock_zh_a_hist：[{'日期': datetime.date(2023, 12, 15), '股票代码': '601628', '开盘': 28.08, '收盘': 27.92, '最高': 28.5, '最低': 27.86, '成交量': 95602, '成交额': 268728331.0, '振幅': 2.29, '涨跌幅': -0.29, '涨跌额': -0.08, '换手率': 0.05}]
3. stock_board_industry_hist_em：[{'日期': '2023-12-15', '开盘': 918.12, '收盘': 911.56, '最高': 930.1, '最低': 911.1, '涨跌幅': -0.25, '涨跌额': -2.24, '成交量': 1648177, '成交额': 3340330356.0, '振幅': 2.08, '换手率': 0.2}]","1. vesearch：2023 年 12 月，开展长期股票投资试点，查相关概念的上交所保险企业（2022 年保费 6000 亿 +）名称、代码、试点启动日期
2. stock_zh_a_hist：symbol=""601628""，period=""daily""，start_date=""20231215""，end_date=""20231215""，adjust=""""
3. stock_board_industry_hist_em：symbol=""保险""，start_date=""20231215""，end_date=""20231215""，period=""日k""，adjust=""""",financial_deep_research.evalset.json,traces/veadk_opentelemetry_tracer_veadk_default_user_financial_deep_research_29_2968dec8aa2d782edf6a584a881e504f.json
30,2025 年 4 月，国内某深交所主板卫浴企业（主营卫生洁具、陶瓷制品，2024 年营收超 20 亿元，核心产品为智能马桶盖）董事长离婚，2611 万股被司法冻结，查询该事件公告当日的日线数据（不复权）、当日跌幅,"1. vesearch：2025 年 4 月 24 日，瑞尔特（002790）披露《董事长离婚及股份冻结公告》，董事长离婚，2611 万股被司法冻结，公司主营卫生洁具、陶瓷制品，2024 年营收 21.8 亿元，核心产品智能马桶盖（占营收 35%）
2. stock_zh_a_hist：[{'日期': datetime.date(2025, 4, 24), '股票代码': '002790', '开盘': 7.16, '收盘': 7.18, '最高': 7.3, '最低': 7.1, '成交量': 42942, '成交额': 30878308.0, '振幅': 2.77, '涨跌幅': -0.42, '涨跌额': -0.03, '换手率': 1.65}]","1. vesearch：2025 年 4 月，深交所主板卫浴企业（主营卫生洁具，2024 年营收 20 亿 +，核心产品智能马桶盖）董事长离婚致 2611 万股冻结，查公司名称、代码、公告日期
2. stock_zh_a_hist：symbol=""002790""，period=""daily""，start_date=""20250424""，end_date=""20250424""，adjust=""""",financial_deep_research.evalset.json,traces/veadk_opentelemetry_tracer_veadk_default_user_financial_deep_research_30_6df5932216d5cfd5d29712176c243839.json
31,2025 年 4 月，国内某上交所电气设备企业（主营电力线载波通信产品，2024 年营收超 15 亿元，客户含国家电网）控股股东离婚，9.29% 股份过户前妻，查询该事件公告后下个交易日股票开盘价、收盘价,"1. vesearch：2025 年 4 月 26 日，鼎信通讯（603421）披露《控股股东权益变动公告》，控股股东王建华离婚，9.29% 股份（4860 万股）过户前妻，公司主营电力线载波通信产品，2024 年营收 16.2 亿元，客户含国家电网
2. stock_zh_a_hist：[{'日期': datetime.date(2025, 4, 28), '股票代码': '603421', '开盘': 6.05, '收盘': 5.99, '最高': 6.12, '最低': 5.93, '成交量': 92992, '成交额': 55792907.0, '振幅': 3.12, '涨跌幅': -1.64, '涨跌额': -0.1, '换手率': 1.43}]","1. vesearch：2025 年 4 月，上交所电气设备企业（主营电力线载波通信产品，2024 年营收 15 亿 +，客户国家电网）控股股东离婚过户 9.29% 股份，查公司名称、代码、公告日期
2. stock_zh_a_hist：symbol=""603421""，period=""daily""，start_date=""20250428""，end_date=""20250428""，adjust=""qfq""
",financial_deep_research.evalset.json,traces/veadk_opentelemetry_tracer_veadk_default_user_financial_deep_research_31_f0b507a15c4f29d9cbb51ef145c691d4.json
32,2025 年 5 月，国内某上交所金融企业（主营金融投资与资产管理，2024 年营收超 80 亿元，因战略调整主动退市）主动退市，查询该公司上市日期、所属行业板块,"1. vesearch：2025 年 5 月 27 日，中航产融（600705）因 “聚焦核心航空主业” 战略调整主动退市，公司主营金融投资与资产管理，2024 年营收 85.6 亿元
2. stock_individual_info_em：[{'item': '最新', 'value': '-'}, {'item': '股票代码', 'value': '600705'}, {'item': '股票简称', 'value': '中航产融'}, {'item': '总股本', 'value': '-'}, {'item': '流通股', 'value': '-'}, {'item': '总市值', 'value': '-'}, {'item': '流通市值', 'value': '-'}, {'item': '行业', 'value': '-'}, {'item': '上市时间', 'value': 19960516}]","1. vesearch：2025 年 5 月，上交所金融企业（主营金融投资，2024 年营收 80 亿 +，战略调整主动退市），查公司名称、代码、摘牌日期
2. stock_individual_info_em：symbol=""600705""
",financial_deep_research.evalset.json,traces/veadk_opentelemetry_tracer_veadk_default_user_financial_deep_research_32_ee85933e860f9b1025ec3cf042742c3d.json
33,2025 年 7 月，国内某上交所军工企业（主营船舶制造，2024 年营收超 600 亿元，核心产品为驱逐舰、护卫舰）吸收合并获证监会批复，查询批复当日的日线数据（不复权）、军工（概念板块）当日涨跌幅,"1. vesearch：2025 年 7 月 18 日，中国重工（601989）吸收合并中国船舶获证监会批复，公司主营船舶制造，2024 年营收 628.5 亿元，核心产品为驱逐舰、护卫舰等军用船舶
2. stock_zh_a_hist：[{'日期': datetime.date(2025, 7, 18), '股票代码': '601989', '开盘': 4.65, '收盘': 4.69, '最高': 4.69, '最低': 4.63, '成交量': 1534946, '成交额': 716235996.0, '振幅': 1.29, '涨跌幅': 0.86, '涨跌额': 0.04, '换手率': 0.67}]
3. stock_board_concept_hist_em：[{'日期': '2025-07-18', '开盘': 70675.27, '收盘': 70819.3, '最高': 70949.48, '最低': 70293.59, '涨跌幅': 0.3, '涨跌额': 212.52, '成交量': 141131334, '成交额': 188731636486.0, '振幅': 0.93, '换手率': 3.44}]","1. vesearch：2025 年 7 月，上交所军工企业（主营船舶制造，2024 年营收 600 亿 +，核心产品驱逐舰 / 护卫舰）吸收合并获证监会批复，查公司名称、代码、批复日期
2. stock_zh_a_hist：symbol=""601989""，period=""daily""，start_date=""20250718""，end_date=""20250718""，adjust=""""
3. stock_board_concept_hist_em：symbol=""军工""，start_date=""20250718""，end_date=""20250718""，period=""daily""，adjust=""""",financial_deep_research.evalset.json,traces/veadk_opentelemetry_tracer_veadk_default_user_financial_deep_research_33_542d6aa4a75890cafd1395b78e317f3.json
34,2025 年 9 月，国内某深交所创业板传媒企业（主营广告代理与影视制作，2024 年营收不足 8 亿元，因财务造假整改不力退市）被强制退市，查询深交所终止上市决定日公司是否有公告、公司从上市到终止上市决定日共多长时间（含起始日，不含结束日）,"1. vesearch：2025 年 9 月 5 日，*ST 紫天（300280）因 2023 年财务造假（虚增营收 3.2 亿元）整改不力被强制退市，公司主营广告代理与影视制作，2024 年营收 7.5 亿元
2. stock_gsrl_gsdt_em：无公司公告
3. stock_individual_info_em：[{'item': '最新', 'value': 0.42}, {'item': '股票代码', 'value': '300280'}, {'item': '股票简称', 'value': '紫天退'}, {'item': '总股本', 'value': 162065744.0}, {'item': '流通股', 'value': 160474169.0}, {'item': '总市值', 'value': 68067612.48}, {'item': '流通市值', 'value': 67399150.98}, {'item': '行业', 'value': '文化传媒'}, {'item': '上市时间', 'value': 20111229}] （4998天）","1. vesearch：2025 年 9 月，深交所创业板传媒企业（主营广告代理，2024 年营收 < 8 亿，财务造假整改不力退市），查公司名称、代码、终止上市决定日
2. stock_gsrl_gsdt_em：date=""20250905""
3. stock_individual_info_em：symbol=""300280""",financial_deep_research.evalset.json,traces/veadk_opentelemetry_tracer_veadk_default_user_financial_deep_research_34_63a193c1f589d3861dc4adc5d0d8191f.json
35,2025 年 4 月，受美国关税战影响A股大跌，查询当日深圳证券交易所主板A股成交金额,"1. vesearch：2025 年 4 月 7 日，美国对消费电子加征 15% 关税，光弘科技（300735）受冲击，公司主营消费电子零部件，2024 年出口营收占比 75%，为苹果供应链二级供应商
2. stock_szse_summary：[{'证券类别': '股票', '数量': 2902, '成交金额': 852695060911.7, '总市值': 30255845614627.7, '流通市值': 25810195529643.46}, {'证券类别': '主板A股', '数量': 1485, '成交金额': 387657001105.66, '总市值': 19221931603767.07, '流通市值': 17391823404820.18}, {'证券类别': '主板B股', '数量': 39, '成交金额': 228364730.04, '总市值': 47344755317.08, '流通市值': 47221185144.8}, {'证券类别': '创业板A股', '数量': 1378, '成交金额': 464809695076.0, '总市值': 10986569255543.55, '流通市值': 8371150939678.48}, {'证券类别': '基金', '数量': 762, '成交金额': 89229353904.46, '总市值': 1047702537038.69, '流通市值': 1017932180962.16}, {'证券类别': 'ETF', '数量': 452, '成交金额': 84435578249.01, '总市值': 957005088721.11, '流通市值': 957005088721.11}, {'证券类别': 'LOF', '数量': 288, '成交金额': 4578487137.02, '总市值': 31412060387.11, '流通市值': 31412060387.11}, {'证券类别': '封闭式基金', '数量': 1, '成交金额': 3713061.3, '总市值': 1657964805.12, '流通市值': 1657964805.12}, {'证券类别': '基础设施基金', '数量': 21, '成交金额': 211575457.12, '总市值': 57627423125.34, '流通市值': 27857067048.81}, {'证券类别': '债券', '数量': 15396, '成交金额': 361936593672.72, '总市值': nan, '流通市值': nan}, {'证券类别': '债券现券', '数量': 14743, '成交金额': 77514128356.22, '总市值': 86367328892287.55, '流通市值': 2874786656240.95}, {'证券类别': '债券回购', '数量': 27, '成交金额': 283632100882.5, '总市值': nan, '流通市值': nan}, {'证券类别': 'ABS', '数量': 626, '成交金额': 790364434.0, '总市值': 432837669128.71, '流通市值': 432837669128.71}, {'证券类别': '期权', '数量': 490, '成交金额': 2563375495.39, '总市值': nan, '流通市值': nan}]","1. vesearch：2025 年 4 月，受美国关税战影响A股大跌，查询关税战导致A股大跌日期
2. stock_szse_summary：date=""20250407",financial_deep_research.evalset.json,traces/veadk_opentelemetry_tracer_veadk_default_user_financial_deep_research_35_6817bae2f15fbe4533c46bebdf41132a.json
36,2025 年 4 月，全球股市 “黑色星期一”（比特币暴跌 9%），国内某上交所银行企业（全球系统重要性银行，2024 年资产规模超 40 万亿元）所在全市场 A 股重挫，查询 “黑色星期一” 当日的日线数据（不复权）、银行板块当日跌幅,"1. vesearch：2025 年 4 月 7 日为全球 “黑色星期一”，比特币暴跌 9%，工商银行（601398）为上交所全球系统重要性银行，2024 年资产规模 42.5 万亿元
2. stock_zh_a_hist：[{'日期': datetime.date(2025, 4, 7), '股票代码': '601398', '开盘': 6.8, '收盘': 6.76, '最高': 6.82, '最低': 6.6, '成交量': 8491567, '成交额': 5702039106.0, '振幅': 3.19, '涨跌幅': -1.89, '涨跌额': -0.13, '换手率': 0.31}]
3. stock_board_industry_hist_em：[{'日期': '2025-04-07', '开盘': 3756.22, '收盘': 3630.79, '最高': 3771.11, '最低': 3554.84, '涨跌幅': -5.72, '涨跌额': -220.18, '成交量': 81586582, '成交额': 59222583907.0, '振幅': 5.62, '换手率': 0.62}]","1. vesearch：2025 年 4 月，全球 “黑色星期一”（比特币跌 9%），上交所银行企业（全球系统重要性银行，2024 年资产 40 万亿 +），查公司名称、代码、“黑色星期一” 日期
2. stock_zh_a_hist：symbol=""601398""，period=""daily""，start_date=""20250407""，end_date=""20250407""，adjust=""""
3. stock_board_industry_hist_em：symbol=""银行""，start_date=""20250407""，end_date=""20250407""，period=""日k""，adjust=""""",financial_deep_research.evalset.json,traces/veadk_opentelemetry_tracer_veadk_default_user_financial_deep_research_36_164e9799abf5a01d036aae2e57eaf1c8.json
37,2025 年 4 月，中央汇金以 “类平准基金” 增持 800 亿元，国内某上交所金融企业（2024 年净利润超 3000 亿元，核心业务为商业银行）所在沪深 300 成分股领涨，查询增持公告当日的日线数据（不复权）、沪深 300 指数当日涨跌幅,"1. vesearch：2025 年 4 月 7 日，中央汇金公告以 “类平准基金” 增持 800 亿元，工商银行（601398）为增持标的之一，2024 年净利润 3125.8 亿元，核心业务为商业银行，沪深 300 指数000300
2. stock_zh_a_hist：[{'日期': datetime.date(2025, 4, 7), '股票代码': '601398', '开盘': 6.8, '收盘': 6.76, '最高': 6.82, '最低': 6.6, '成交量': 8491567, '成交额': 5702039106.0, '振幅': 3.19, '涨跌幅': -1.89, '涨跌额': -0.13, '换手率': 0.31}]
3. index_zh_a_hist：[{'日期': '2025-04-07', '开盘': 3675.2, '收盘': 3589.44, '最高': 3707.78, '最低': 3514.12, '成交量': 312578586, '成交额': 512971787744.6, '振幅': 5.02, '涨跌幅': -7.05, '涨跌额': -272.06, '换手率': 0.96}]","1. vesearch：2025 年 4 月，中央汇金增持 800 亿元，上交所金融企业（2024 年净利润 3000 亿 +，核心业务商业银行），查公司名称、代码、中央汇金增持公告日期，以及沪深300指数代码
2. stock_zh_a_hist：symbol=""601398""，period=""daily""，start_date=""20250407""，end_date=""20250407""，adjust=""""
3. index_zh_a_hist：symbol=""000300""，start_date=""20250407""，end_date=""20250407""，period=""daily""
",financial_deep_research.evalset.json,traces/veadk_opentelemetry_tracer_veadk_default_user_financial_deep_research_37_e4a439c9241a58d7f085584ab0af7bc1.json
38,2025 年 4 月，美国关税战冲击英伟达产业链，英伟达 H20 芯片的出口管制升级，国内某深交所创业板光模块企业（主营 100G/400G 光模块，2024 年营收超 147 亿元，英伟达供应链核心供应商）股价单周大跌，查询周K跌幅数据,"1. vesearch：2025 年 4 月 9 日，美国对英伟达产业链加征 20% 关税，中际旭创（300308）受冲击，公司主营 100G/400G 光模块，2024 年营收 158.6 亿元，为英伟达数据中心光模块核心供应商
2. stock_zh_a_hist：[{'日期': datetime.date(2025, 4, 11), '股票代码': '300308', '开盘': 80.1, '收盘': 78.37, '最高': 82.5, '最低': 67.2, '成交量': 3042805, '成交额': 22987911248.0, '振幅': 16.3, '涨跌幅': -16.52, '涨跌额': -15.51, '换手率': 27.68}]
","1. vesearch：2025 年 4 月，美国关税战冲击英伟达产业链，英伟达 H20 芯片的出口管制升级，深交所创业板光模块企业（主营 100G/400G 光模块，2024 年营收 147 亿 +，英伟达核心供应商），查公司名称、代码、英伟达 H20 芯片的出口管制升级日期
2. stock_zh_a_hist：symbol=""300308""，period=""weekly""，start_date=""20250409""，end_date=""20250411""，adjust=""""
",financial_deep_research.evalset.json,traces/veadk_opentelemetry_tracer_veadk_default_user_financial_deep_research_38_f1df1c416312e2ffab3e37b16842ae37.json
39,2025 年 4 月，全球市场波动下，国内某上交所通信企业（主营移动通信服务，2024 年净利润超 1500 亿元，5G 基站数超 350 万个）成避险资产，查询 4 月全月的月线数据（不复权）、通信服务板块 4 月涨跌幅，及公司 4 月涨幅,"1. vesearch：2025 年 4 月，中国移动（600941）为上交所通信企业，主营移动通信服务，2024 年净利润 1528.6 亿元，运营 5G 基站 356 万个，因业绩稳定成避险资产
2. stock_zh_a_hist：[{'日期': datetime.date(2025, 4, 30), '股票代码': '600941', '开盘': 107.38, '收盘': 112.25, '最高': 114.81, '最低': 104.6, '成交量': 2885398, '成交额': 31880632185.0, '振幅': 9.51, '涨跌幅': 4.55, '涨跌额': 4.89, '换手率': 31.96}]
3. stock_board_industry_hist_em：[{'日期': '2025-04-30', '开盘': 1164.48, '收盘': 1048.31, '最高': 1171.62, '最低': 931.41, '涨跌幅': -9.94, '涨跌额': -115.74, '成交量': 203344895, '成交额': 212161936652.0, '振幅': 20.64, '换手率': 15.79}]","1. vesearch：2025 年 4 月，全球波动下的避险资产，上交所通信企业（主营移动通信，2024 年净利润 1500 亿 +，5G 基站 350 万 + 个），查公司名称、代码
2. stock_zh_a_hist：symbol=""600941""，period=""monthly""，start_date=""20250401""，end_date=""20250430""，adjust=""""
3. stock_board_industry_hist_em：symbol=""通信服务""，start_date=""20250401""，end_date=""20250430""，period=""月k""，adjust=""""
",financial_deep_research.evalset.json,traces/veadk_opentelemetry_tracer_veadk_default_user_financial_deep_research_39_57bea2e757da5f93f13967b809d1cadd.json
40,2023 年 6 月，国内某上交所光伏企业（全球最大光伏组件制造商，2022 年组件出货量超 80GW）拟境外发行 GDR 并在瑞士上市，查询该事件公告当日的日线数据（不复权）、光伏设备板块当日涨跌幅，及公司当日涨幅,"1. vesearch：2023 年 6 月 21 日，隆基绿能（601012）披露《关于拟境外发行 GDR 并在瑞士证券交易所上市的公告》，公司为全球最大光伏组件制造商，2022 年组件出货量 85GW，核心品牌 “隆基”
2. stock_zh_a_hist：[{'日期': datetime.date(2023, 6, 21), '股票代码': '601012', '开盘': 28.65, '收盘': 27.99, '最高': 29.06, '最低': 27.97, '成交量': 1153692, '成交额': 3281017932.0, '振幅': 3.79, '涨跌幅': -2.58, '涨跌额': -0.74, '换手率': 1.52}]
3. stock_board_industry_hist_em：[{'日期': '2023-06-21', '开盘': 1710.65, '收盘': 1693.98, '最高': 1740.89, '最低': 1693.98, '涨跌幅': -1.16, '涨跌额': -19.91, '成交量': 8540809, '成交额': 22900139186.0, '振幅': 2.74, '换手率': 1.06}]","1. vesearch：2023 年 6 月，上交所光伏企业（全球最大组件制造商，2022 年出货 45GW+）拟境外发行 GDR，查公司名称、代码、公告日期
2. stock_zh_a_hist：symbol=""601012""，period=""daily""，start_date=""20230621""，end_date=""20230621""，adjust=""""
3. stock_board_industry_hist_em：symbol=""光伏设备""，start_date=""20230621""，end_date=""20230621""，period=""日k""，adjust=""""",financial_deep_research.evalset.json,traces/veadk_opentelemetry_tracer_veadk_default_user_financial_deep_research_40_1c21f998a5c3d190bf3360806a576b77.json
41,2024 年 9 月，国内某深交所主板医药企业（主营化学原料药，2023 年营收超 15 亿元，核心产品为注射用胸腺五肽）拟 17 亿元收购半导体公司，查询复牌后 3 个交易日的日线数据（前复权）并计算累计涨幅,"1. vesearch：2024 年 9 月 11 日，双成药业（002693）复牌并披露《收购奥拉半导体 100% 股权预案》，收购价 17 亿元，公司主营化学原料药，2023 年营收 16.2 亿元，核心产品注射用胸腺五肽
2. stock_zh_a_hist：[{'日期': datetime.date(2024, 9, 11), '股票代码': '002693', '开盘': 5.74, '收盘': 5.74, '最高': 5.74, '最低': 5.74, '成交量': 19504, '成交额': 11195468.2, '振幅': 0.0, '涨跌幅': 9.96, '涨跌额': 0.52, '换手率': 0.47}, {'日期': datetime.date(2024, 9, 12), '股票代码': '002693', '开盘': 6.31, '收盘': 6.31, '最高': 6.31, '最低': 6.31, '成交量': 14207, '成交额': 8964705.34, '振幅': 0.0, '涨跌幅': 9.93, '涨跌额': 0.57, '换手率': 0.35}, {'日期': datetime.date(2024, 9, 13), '股票代码': '002693', '开盘': 6.94, '收盘': 6.94, '最高': 6.94, '最低': 6.94, '成交量': 28754, '成交额': 19955227.42, '振幅': 0.0, '涨跌幅': 9.98, '涨跌额': 0.63, '换手率': 0.7}] （累计涨幅32.95%）","1. vesearch：2024 年 9 月，深交所主板医药企业（主营化学原料药，2023 年营收 15 亿 +，核心产品胸腺五肽）拟 17 亿收购半导体公司，查公司名称、代码、复牌日期
2. stock_zh_a_hist：symbol=""002693""，period=""daily""，start_date=""20240911""，end_date=""20240913""，adjust=""qfq""
",financial_deep_research.evalset.json,traces/veadk_opentelemetry_tracer_veadk_default_user_financial_deep_research_41_a938149fa6e7db752a267b7c2c8afc05.json
42,2024 年 10 月，国内某深交所创业板电子企业（主营红外热像仪，2023 年营收超 8 亿元，产品应用于安防监控）拟收购先导电科 100% 股权，查询公告当日的日线数据（不复权）、公司当日涨幅,"1. vesearch：2024 年 10 月 14 日，光智科技（300489）披露《收购先导电科 100% 股权预案》，公司主营红外热像仪，2023 年营收 8.6 亿元，产品用于安防监控领域
2. stock_zh_a_hist：[{'日期': datetime.date(2024, 10, 14), '股票代码': '300489', '开盘': 27.34, '收盘': 27.34, '最高': 27.34, '最低': 27.34, '成交量': 5696, '成交额': 15573684.0, '振幅': 0.0, '涨跌幅': 20.02, '涨跌额': 4.56, '换手率': 0.42}]","1. vesearch：2024 年 10 月，深交所创业板电子企业（主营红外热像仪，2023 年营收 8 亿 +，安防监控应用）拟收购先导电科，查公司名称、代码、公告日期
2. stock_zh_a_hist：symbol=""300489""，period=""daily""，start_date=""20241014""，end_date=""20241014""，adjust=""""
",financial_deep_research.evalset.json,traces/veadk_opentelemetry_tracer_veadk_default_user_financial_deep_research_42_9ad4e3496ca266242679f3e4a7afb8d8.json
43,2024 年 9 月，国内某深交所主板通信企业（主营专网通信设备，2023 年海外营收占比超 40%，客户含多国应急管理部门）发布股票交易异常波动公告，披露中东业务拓展情况，查询公告当日的日线数据（不复权）、及公司当日涨幅,"1. vesearch：2024 年 9 月 23 日，海能达（002583）发布股票交易异常波动公告，公司主营专网通信设备，2023 年海外营收占比 42%
2. stock_zh_a_hist：[{'日期': datetime.date(2024, 9, 23), '股票代码': '002583', '开盘': 4.76, '收盘': 4.76, '最高': 4.76, '最低': 4.76, '成交量': 150241, '成交额': 71514649.36, '振幅': 0.0, '涨跌幅': 9.93, '涨跌额': 0.43, '换手率': 1.17}]","1. vesearch：2024 年 9 月，深交所主板通信企业（主营专网通信设备，海外营收 40%+，中东业务拓展），查公司名称、代码、披露日期
2. stock_zh_a_hist：symbol=""002583""，period=""daily""，start_date=""20240923""，end_date=""20240923""，adjust=""""
",financial_deep_research.evalset.json,traces/veadk_opentelemetry_tracer_veadk_default_user_financial_deep_research_43_65b74c18c798f9c6d60245916c031031.json
44,2024 年 4 月，国内某深交所创业板化工企业（主营高端精细化工产品，2023 年营收超 12 亿元，核心产品为偏苯三酸酐）主要产品价格大幅上涨，查询公司股票月度涨幅,"1. vesearch：2024 年 4 月 ，正丹股份（300641）披露《主要产品价格变动公告》，偏苯三酸酐价格同比上涨 35%，公司 2023 年营收 12.8 亿元，主营高端精细化工产品
2. stock_zh_a_hist：[{'日期': datetime.date(2024, 4, 30), '股票代码': '300641', '开盘': 4.32, '收盘': 19.9, '最高': 19.99, '最低': 4.31, '成交量': 9379902, '成交额': 10945881978.0, '振幅': 363.81, '涨跌幅': 361.72, '涨跌额': 15.59, '换手率': 190.1}]","1. vesearch：2024 年 4 月，深交所创业板化工企业（主营高端精细化工，2023 年营收 12 亿 +，核心产品偏苯三酸酐）产品涨价，查公司名称、代码
2. stock_zh_a_hist：symbol=""300641""，period=""monthly""，start_date=""20240401""，end_date=""20240430""，adjust=""""",financial_deep_research.evalset.json,traces/veadk_opentelemetry_tracer_veadk_default_user_financial_deep_research_44_591b9d0ebf6868726f682792501af28c.json
45,2025 年 9 月，国内某深交所主板电机设备企业（主营新能源汽车电机，2024 年营收超 50 亿元，客户含比理想、小鹏）公布 2025 年员工持股计划，查询计划公告当日的日线数据（不复权）、电机板块当日涨跌幅，及公司当日涨幅,"1. vesearch：2025 年 9 月 17 日，大洋电机（002249）披露《2025 年员工持股计划草案》，拟回购 2% 股份用于员工持股，公司主营新能源汽车电机，2024 年营收 121 亿元，客户含理想、小鹏
2. stock_zh_a_hist：[{'日期': datetime.date(2025, 9, 17), '股票代码': '002249', '开盘': 10.47, '收盘': 10.9, '最高': 11.37, '最低': 10.39, '成交量': 4306013, '成交额': 4675726576.06, '振幅': 9.48, '涨跌幅': 5.42, '涨跌额': 0.56, '换手率': 23.53}]
3. stock_board_industry_hist_em：[{'日期': '2025-09-17', '开盘': 2761.28, '收盘': 2821.16, '最高': 2842.38, '最低': 2748.9, '涨跌幅': 2.07, '涨跌额': 57.3, '成交量': 12492558, '成交额': 33509007386.0, '振幅': 3.38, '换手率': 11.12}]","1. vesearch：2025 年 9 月，深交所主板电机设备企业（主营新能源电机，2024 年营收 120 亿 +，客户理想、小鹏）公布员工持股计划，查公司名称、代码、公告日期
2. stock_zh_a_hist：symbol=""002249""，period=""daily""，start_date=""20250917""，end_date=""20250917""，adjust=""""
3. stock_board_industry_hist_em：symbol=""电机""，start_date=""20250917""，end_date=""20250917""，period=""日k""，adjust=""""",financial_deep_research.evalset.json,traces/veadk_opentelemetry_tracer_veadk_default_user_financial_deep_research_45_f143419d69ed10a2d865d5e508439a85.json
46,2025 年 9 月，国内某深交所主板房地产企业（主营房地产开发，2024 年营收不足 10 亿元，因退市风险被 ST）1 元转让房地产业务，推进重大重组，查询重组公告当日的日线数据（不复权）、房地产开发板块当日涨跌幅，及公司当日涨幅,"1. vesearch：2025 年 9 月 18 日，*ST 南置（002305）披露《1 元转让房地产业务暨重大重组公告》，剥离亏损地产业务，转型新能源，公司 2024 年营收 8.5 亿元，因连续亏损被 ST
2. stock_zh_a_hist：[{'日期': datetime.date(2025, 9, 18), '股票代码': '002305', '开盘': 2.44, '收盘': 2.47, '最高': 2.47, '最低': 2.36, '成交量': 1453303, '成交额': 355696746.69, '振幅': 4.68, '涨跌幅': 5.11, '涨跌额': 0.12, '换手率': 8.38}]
3. stock_board_industry_hist_em：[{'日期': '2025-09-18', '开盘': 15159.04, '收盘': 14822.58, '最高': 15270.0, '最低': 14720.51, '涨跌幅': -1.99, '涨跌额': -300.34, '成交量': 70480196, '成交额': 39975159478.0, '振幅': 3.63, '换手率': 3.66}]","1. vesearch：2025 年 9 月，深交所主板 ST 房企（主营地产开发，2024 年营收 < 10 亿，1 元转让房地产业务重组），查公司名称、代码、公告日期
2. stock_zh_a_hist：symbol=""002305""，period=""daily""，start_date=""20250918""，end_date=""20250918""，adjust=""none""
3. stock_board_industry_hist_em：symbol=""房地产开发""，start_date=""20250918""，end_date=""20250918""，period=""日k""，adjust=""""",financial_deep_research.evalset.json,traces/veadk_opentelemetry_tracer_veadk_default_user_financial_deep_research_46_b6de0b09df26b10498449671655371e5.json
47,2025 年 9 月，国内某上交所环保企业（主营脱硫脱硝设备，2024 年营收超 20 亿元，参与多个火电厂环保改造项目）并购重组获上交所审核通过，查询审核通过当日的日线数据（不复权）、公司所属行业板块及上市时间,"1. vesearch：2025 年 9 月 17 日，远达环保（600292）并购重组获上交所审核通过，拟收购重庆三峰环境 10% 股权，公司主营脱硫脱硝设备，2024 年营收 22.8 亿元，参与华能、大唐火电厂环保改造
2. stock_zh_a_hist：[{'日期': datetime.date(2025, 9, 17), '股票代码': '600292', '开盘': 14.36, '收盘': 13.53, '最高': 14.45, '最低': 13.49, '成交量': 323914, '成交额': 446379594.0, '振幅': 6.76, '涨跌幅': -4.72, '涨跌额': -0.67, '换手率': 4.15}]
3. stock_individual_info_em：[{'item': '最新', 'value': 12.26}, {'item': '股票代码', 'value': '600292'}, {'item': '股票简称', 'value': '远达环保'}, {'item': '总股本', 'value': 780816890.0}, {'item': '流通股', 'value': 780816890.0}, {'item': '总市值', 'value': 9572815071.4}, {'item': '流通市值', 'value': 9572815071.4}, {'item': '行业', 'value': '环保行业'}, {'item': '上市时间', 'value': 20001101}]","1. vesearch：2025 年 9 月，上交所环保企业（主营脱硫脱硝设备，2024 年营收 20 亿 +，火电厂改造项目）并购重组获批，查公司名称、代码、获批日期
2. stock_zh_a_hist：symbol=""600292""，period=""daily""，start_date=""20250917""，end_date=""20250917""，adjust=""""
3. stock_individual_info_em：symbol=""600292""",financial_deep_research.evalset.json,traces/veadk_opentelemetry_tracer_veadk_default_user_financial_deep_research_47_2782caa58ef79e1fb1726c34326da499.json
48,2025 年 9 月，国内某深交所创业板轨道交通企业（主营轨道空调设备，2024 年营收超 8 亿元，客户含中国中车）大股东终止股份转让，查询终止公告当日的涨跌幅、公司上市时间,"1. vesearch：2025 年 9 月 17 日，朗进科技（300594）披露《大股东终止股份转让公告》，公司主营轨道空调设备，2024 年营收 8.6 亿元，客户含中国中车
2. stock_zh_a_hist：[{'日期': datetime.date(2025, 9, 17), '股票代码': '300594', '开盘': 18.27, '收盘': 18.35, '最高': 18.7, '最低': 18.14, '成交量': 28744, '成交额': 52944739.0, '振幅': 3.07, '涨跌幅': 0.49, '涨跌额': 0.09, '换手率': 3.16}]
3. stock_individual_info_em：[{'item': '最新', 'value': 17.87}, {'item': '股票代码', 'value': '300594'}, {'item': '股票简称', 'value': '朗进科技'}, {'item': '总股本', 'value': 91873450.0}, {'item': '流通股', 'value': 90998125.0}, {'item': '总市值', 'value': 1641778551.5}, {'item': '流通市值', 'value': 1626136493.75}, {'item': '行业', 'value': '交运设备'}, {'item': '上市时间', 'value': 20190621}]","1. vesearch：2025 年 9 月，深交所创业板轨道交通企业（主营轨道空调，2024 年营收 8 亿 +，客户中国中车）大股东终止股份转让，查公司名称、代码、公告日期
2. stock_zh_a_hist：symbol=""300594""，period=""daily""，start_date=""20250917""，end_date=""20250917""，adjust=""""
3. stock_individual_info_em：symbol=""300594""",financial_deep_research.evalset.json,traces/veadk_opentelemetry_tracer_veadk_default_user_financial_deep_research_48_e6f8973242292b8223c2b0d458baacd0.json
49,2025 年 9 月，国内某深交所主板医药企业（主营生物制药，2024 年营收超 15 亿元，核心产品为胸腺肽 α1）董秘拟减持股份37万股，查询减持公告当日的日线数据（不复权）、生物制品板块当日涨跌幅，及公司当日跌幅,"1. vesearch：2025 年 9 月 18日，双鹭药业（002038）披露《董秘减持计划公告》，董秘拟减持 37 万股，公司主营生物制药，2024 年营收 16.2 亿元，核心产品胸腺肽 α1
2. stock_zh_a_hist：[{'日期': datetime.date(2025, 9, 18), '股票代码': '002038', '开盘': 7.48, '收盘': 7.36, '最高': 7.53, '最低': 7.31, '成交量': 188313, '成交额': 140056416.93, '振幅': 2.94, '涨跌幅': -1.74, '涨跌额': -0.13, '换手率': 2.21}]
3. stock_board_industry_hist_em：[{'日期': '2025-09-18', '开盘': 1185.64, '收盘': 1173.54, '最高': 1197.61, '最低': 1161.88, '涨跌幅': -0.52, '涨跌额': -6.15, '成交量': 9339038, '成交额': 27655387285.0, '振幅': 3.03, '换手率': 2.41}]","1. vesearch：2025 年 9 月，深交所主板医药企业（主营生物制药，2024 年营收 15 亿 +，核心产品胸腺肽 α1）董秘拟减持，查公司名称、代码、公告日期
2. stock_zh_a_hist：symbol=""002038""，period=""daily""，start_date=""20250918""，end_date=""20250918""，adjust=""""
3. stock_board_industry_hist_em：symbol=""生物制品""，start_date=""20250918""，end_date=""20250918""，period=""日k""，adjust=""""",financial_deep_research.evalset.json,traces/veadk_opentelemetry_tracer_veadk_default_user_financial_deep_research_49_e65aabc3d1d78cb54fa0dc56efb87a0f.json
50,2025 年 9 月，国内某深交所主板新材料企业（主营碳 / 碳复合材料，2024 年营收超 8 亿元，产品应用于航空航天）股东拟减持 1% 股份，查询减持公告当日的日线数据（不复权）、及公司当日涨跌幅,"1. vesearch：2025 年 9 月 17 日，博云新材（002297）披露《股东减持计划公告》，股东湖南高新创投拟减持 573万股（占总股本 1%），公司主营碳 / 碳复合材料，2024 年营收 8.6 亿元，产品用于航空航天领域
2. stock_zh_a_hist：[{'日期': datetime.date(2025, 9, 17), '股票代码': '002297', '开盘': 8.59, '收盘': 8.54, '最高': 8.6, '最低': 8.5, '成交量': 141799, '成交额': 121087551.78, '振幅': 1.16, '涨跌幅': -1.16, '涨跌额': -0.1, '换手率': 2.47}]","1. vesearch：2025 年 9 月，深交所主板新材料企业（主营碳 / 碳复合材料，2024 年营收 8 亿 +，航空航天应用）股东拟减持 1%，查公司名称、代码、公告日期
2. stock_zh_a_hist：symbol=""002297""，period=""daily""，start_date=""20250917""，end_date=""20250917""，adjust=""""
",financial_deep_research.evalset.json,traces/veadk_opentelemetry_tracer_veadk_default_user_financial_deep_research_50_2fcead13becc798b7651cc978b7b22c7.json
51,2025 年 9 月，国内某深交所主板造纸企业（主营文化纸与包装纸，2024 年营收超 15 亿元，拥有 30 万吨造纸产能）股东被申请破产清算，查询清算公告当日的日线数据（不复权）、公司上市日期,"1. vesearch：2025 年 9 月 18 日，美利云（000815）披露《股东被申请破产清算公告》，股东北京万方达被申请破产，公司主营文化纸与包装纸，2024 年营收 16.2 亿元，造纸产能 30 万吨
2. stock_zh_a_hist：[{'日期': datetime.date(2025, 9, 18), '股票代码': '000815', '开盘': 12.7, '收盘': 12.55, '最高': 12.88, '最低': 12.49, '成交量': 355095, '成交额': 448809278.05, '振幅': 3.05, '涨跌幅': -1.8, '涨跌额': -0.23, '换手率': 5.11}]
3. stock_individual_info_em：[{'item': '最新', 'value': 12.26}, {'item': '股票代码', 'value': '000815'}, {'item': '股票简称', 'value': '美利云'}, {'item': '总股本', 'value': 695263035.0}, {'item': '流通股', 'value': 695263035.0}, {'item': '总市值', 'value': 8523924809.099999}, {'item': '流通市值', 'value': 8523924809.099999}, {'item': '行业', 'value': '通信服务'}, {'item': '上市时间', 'value': 19980609}]","1. vesearch：2025 年 9 月，深交所主板造纸企业（主营文化纸，2024 年营收 15 亿 +，30 万吨产能）股东被申请破产清算，查公司名称、代码、公告日期
2. stock_zh_a_hist：symbol=""000815""，period=""daily""，start_date=""20250918""，end_date=""20250918""，adjust=""""
3. stock_individual_info_em：symbol=""000815""",financial_deep_research.evalset.json,traces/veadk_opentelemetry_tracer_veadk_default_user_financial_deep_research_51_5a3f18b6116bbf08f145aac22ec90290.json
52,2025 年 9 月，国内某上交所建筑企业（主营房屋建筑与市政工程，2024 年营收超 2000 亿元，参与上海多个重大基建项目）澄清黄金业务收入占比低，此前因黄金概念涨 15%，查询澄清公告当日的日线数据（不复权）、公司所属行业板块,"1. vesearch：2025 年 9 月 17 日，上海建工（600170）披露《关于黄金业务的澄清公告》，称黄金业务收入占比不足 0.5%，此前因 “涉黄金矿业务” 传闻涨 15%；公司 2024 年营收 2156.8 亿元，主营建筑施工，参与上海张江科学城建设
2. stock_zh_a_hist：[{'日期': datetime.date(2025, 9, 17), '股票代码': '600170', '开盘': 3.38, '收盘': 3.53, '最高': 3.53, '最低': 3.1, '成交量': 21927629, '成交额': 7407963473.0, '振幅': 13.4, '涨跌幅': 9.97, '涨跌额': 0.32, '换手率': 24.68}]
3. stock_individual_info_em：[{'item': '最新', 'value': 2.95}, {'item': '股票代码', 'value': '600170'}, {'item': '股票简称', 'value': '上海建工'}, {'item': '总股本', 'value': 8885939744.0}, {'item': '流通股', 'value': 8885939744.0}, {'item': '总市值', 'value': 26213522244.800003}, {'item': '流通市值', 'value': 26213522244.800003}, {'item': '行业', 'value': '工程建设'}, {'item': '上市时间', 'value': 19980623}]","1. vesearch：2025 年 9 月，上交所建筑企业（主营基建，2024 年营收 2000 亿 +，上海重大项目参与）澄清黄金业务占比低，查公司名称、代码、公告日期
2. stock_zh_a_hist：symbol=""600170""，period=""daily""，start_date=""20250917""，end_date=""20250917""，adjust=""""
3. stock_individual_info_em：symbol=""600170""",financial_deep_research.evalset.json,traces/veadk_opentelemetry_tracer_veadk_default_user_financial_deep_research_52_d104d2172191f1a1a05cac664ae297f3.json
53,2025 年 9 月，国内某上交所科创板气体企业（国内领先的电子大宗气体综合服务商，2024 年营收超 20 亿元，公司是粤芯半导体、TCL华星、京东方等头部企业的核心气体供应商）股东拟减持 2638 万股，查询减持公告当日的日线数据（不复权）、半导体板块当日涨跌幅，及公司当日跌幅,"1. vesearch：2025 年 9 月 18 日，广钢气体（688548）披露《股东减持计划公告》，股东广州工控拟减持 2638 万股（占总股本 2.5%）；公司主营电子大宗气体，2024 年营收 24.37 亿元，是粤芯半导体、TCL华星、京东方等头部企业的核心气体供应商，
2. stock_zh_a_hist：[{'日期': datetime.date(2025, 9, 18), '股票代码': '688548', '开盘': 11.32, '收盘': 11.2, '最高': 11.58, '最低': 11.08, '成交量': 242317, '成交额': 274741837.0, '振幅': 4.31, '涨跌幅': -3.53, '涨跌额': -0.41, '换手率': 3.51}]
3. stock_board_industry_hist_em：[{'日期': '2025-09-18', '开盘': 1873.34, '收盘': 1877.29, '最高': 1944.61, '最低': 1848.3, '涨跌幅': 0.42, '涨跌额': 7.84, '成交量': 44025568, '成交额': 298700729189.0, '振幅': 5.15, '换手率': 6.26}]","1. vesearch：2025 年 9 月，上交所科创板气体企业国内领先的电子大宗气体综合服务商，2024 年营收超 20 亿元，公司是粤芯半导体、TCL华星、京东方等头部企业的核心气体供应商）股东拟减持 2638 万股，查公司名称、代码、公告日期
2. stock_zh_a_hist：symbol=""688548""，period=""daily""，start_date=""20250918""，end_date=""20250918""，adjust=""""
3. stock_board_industry_hist_em：symbol=""半导体""，start_date=""20250918""，end_date=""20250918""，period=""日k""，adjust=""""",financial_deep_research.evalset.json,traces/veadk_opentelemetry_tracer_veadk_default_user_financial_deep_research_53_ff985515f0b07cc9c01bb3fac7d7055f.json
54,2025 年 9 月，国内某上交所节能环保企业（主营余热发电设备，2024 年营收超 20 亿元，参与多个钢铁厂节能改造项目）子公司签署 3.47 亿元合同，查询合同公告当日的日线数据（不复权）、节能环保（概念板块）当日涨跌幅，及公司当日涨幅,"1. vesearch：2025 年 9 月 17 日，中材节能（603126）披露《子公司重大合同公告》，子公司与河北某钢铁厂签署 3.47 亿元余热发电项目合同；公司 2024 年营收 22.8 亿元，主营节能环保设备
2. stock_zh_a_hist：[{'日期': datetime.date(2025, 9, 17), '股票代码': '603126', '开盘': 6.85, '收盘': 6.8, '最高': 6.85, '最低': 6.79, '成交量': 57859, '成交额': 39379353.0, '振幅': 0.87, '涨跌幅': -1.02, '涨跌额': -0.07, '换手率': 0.95}]
3. stock_board_concept_hist_em：[{'日期': '2025-09-17', '开盘': 13913.66, '收盘': 13977.06, '最高': 14003.2, '最低': 13870.19, '涨跌幅': 0.41, '涨跌额': 56.9, '成交量': 111495660, '成交额': 130440993425.0, '振幅': 0.96, '换手率': 2.82}]","1. vesearch：2025 年 9 月，上交所节能环保企业（主营余热发电，2024 年营收 20 亿 +，钢铁厂改造）子公司签 3.47 亿合同，查公司名称、代码、公告日期
2. stock_zh_a_hist：symbol=""603126""，period=""daily""，start_date=""20250917""，end_date=""20250917""，adjust=""""
3. stock_board_concept_hist_em：symbol=""节能环保"", start_date=""20250917"", end_date=""20250917"", period=""daily"", adjust=""""",financial_deep_research.evalset.json,traces/veadk_opentelemetry_tracer_veadk_default_user_financial_deep_research_54_547e452eca099c7c56db4be43842f7c8.json
55,2025 年 9 月，国内某深交所主板锂电池企业（主营圆柱锂电池，2024 年营收超 60 亿元，客户含电动工具厂商）股东完成减持计划，查询减持完成公告当日的日线数据（不复权）、锂电池（概念板块）当日涨跌幅，及公司当日涨幅,"1. vesearch：2025 年 9 月 18 日，蔚蓝锂芯（002245）披露《股东减持计划完成公告》，股东宁波知合已减持 1.2% 股份（计划减持 1.2%）；公司 2024 年营收 62.8 亿元，主营圆柱锂电池，客户含博世、牧田
2. stock_zh_a_hist：[{'日期': datetime.date(2025, 9, 18), '股票代码': '002245', '开盘': 20.0, '收盘': 20.43, '最高': 21.28, '最低': 19.53, '成交量': 2944945, '成交额': 5941807447.4, '振幅': 8.97, '涨跌幅': 4.72, '涨跌额': 0.92, '换手率': 27.14}]
3. stock_board_concept_hist_em：[{'日期': '2025-09-18', '开盘': 3918.82, '收盘': 3867.14, '最高': 3957.16, '最低': 3824.62, '涨跌幅': -1.47, '涨跌额': -57.58, '成交量': 181640769, '成交额': 357993064490.0, '振幅': 3.38, '换手率': 4.87}]","1. vesearch：2025 年 9 月，深交所主板锂电池企业（主营圆柱电池，2024 年营收 60 亿 +，电动工具客户）股东完成减持，查公司名称、代码、公告日期
2. stock_zh_a_hist：symbol=""002245""，period=""daily""，start_date=""20250918""，end_date=""20250918""，adjust=""""
3. stock_board_concept_hist_em：symbol=""锂电池""，start_date=""20250918""，end_date=""20250918""，period=""daily""，adjust=""""",financial_deep_research.evalset.json,traces/veadk_opentelemetry_tracer_veadk_default_user_financial_deep_research_55_4e34ff5e719da60d9fecc5b62293b616.json
56,2023 年 8 月，国内某上交所白酒龙头企业（2023 年上半年营收超 600 亿元，全球烈酒销量第一）发布 2023 年中报，净利润同比增 18%，查询中报公告当日的日线数据（不复权）、白酒板块当日涨跌幅，及公司当日涨幅,"1. vesearch：2023 年 8 月 2 日，贵州茅台（600519）披露《2023 年半年度报告》，2023 年上半年营收 695.7 亿元，净利润 359.8 亿元（同比 + 18.2%），核心产品飞天茅台占营收 85%
2. stock_zh_a_hist：[{'日期': datetime.date(2023, 8, 2), '股票代码': '600519', '开盘': 1883.4, '收盘': 1880.0, '最高': 1890.0, '最低': 1866.8, '成交量': 18509, '成交额': 3478674239.0, '振幅': 1.23, '涨跌幅': -0.48, '涨跌额': -9.0, '换手率': 0.15}]
3. stock_board_concept_hist_em：[{'日期': '2023-08-02', '开盘': 2663.44, '收盘': 2663.58, '最高': 2682.83, '最低': 2655.18, '涨跌幅': -0.46, '涨跌额': -12.18, '成交量': 6882119, '成交额': 17236367305.0, '振幅': 1.03, '换手率': 1.04}]","1. vesearch：2023 年 8 月，上交所白酒龙头（2023 中报营收 600 亿 +，净利增 18%）发布中报，查公司名称、代码、公告日期
2. stock_zh_a_hist：symbol=""600519""（贵州茅台），period=""daily""，start_date=""20230802""，end_date=""20230802""，adjust=""""
3. stock_board_concept_hist_em：symbol=""白酒""，start_date=""20230802""，end_date=""20230802""，period=""daily""，adjust=""""",financial_deep_research.evalset.json,traces/veadk_opentelemetry_tracer_veadk_default_user_financial_deep_research_56_47fa9cdbb03c374130b969113f658ab2.json
57,2023 年 4 月，国内某深交所创业板医药企业（主营医疗器械，2022 年研发投入超 30 亿元）公告控股股东解除股份质押600万股，查询公告当日的日线数据（不复权）、公司所属行业板块,"1. vesearch：2023 年 4 月 18 日，迈瑞医疗（300760）披露关于控股股东部分股份解除质押及质押的公告，2022 年研发投入 30+ 亿元
2. [{'日期': datetime.date(2023, 4, 18), '股票代码': '300760', '开盘': 313.0, '收盘': 314.51, '最高': 316.9, '最低': 311.69, '成交量': 24104, '成交额': 758254391.0, '振幅': 1.66, '涨跌幅': 0.4, '涨跌额': 1.25, '换手率': 0.2}]
3. stock_individual_info_em：[{'item': '最新', 'value': 243.01}, {'item': '股票代码', 'value': '300760'}, {'item': '股票简称', 'value': '迈瑞医疗'}, {'item': '总股本', 'value': 1212441394.0}, {'item': '流通股', 'value': 1212405619.0}, {'item': '总市值', 'value': 294635383155.94}, {'item': '流通市值', 'value': 294626689473.19}, {'item': '行业', 'value': '医疗器械'}, {'item': '上市时间', 'value': 20181016}]","1. vesearch：2023 年 4 月，国内某深交所创业板医药企业（主营医疗器械，2022 年研发投入超 30 亿元）公告控股股东解除股份质押600万股，查公司名称、代码、公告日期
2. stock_zh_a_hist：symbol=""300760""，period=""daily""，start_date=""20230418""，end_date=""20230418""，adjust=""""
3. stock_individual_info_em：symbol=""300760""",financial_deep_research.evalset.json,traces/veadk_opentelemetry_tracer_veadk_default_user_financial_deep_research_57_970f9a8295d51fa81e27f8d02b6e6d92.json
